,clouds,country,hum,lat,lng,name,temp,wind
0,75,to,83,-21.2,-175.2,vaini,300.15,3.6
1,90,us,83,22.08,-159.32,kapaa,298.15,5.7
2,100,ru,100,64.38,-173.3,provideniya,275.104,9.15
3,92,ru,86,66.32,-179.17,egvekinot,269.379,2.85
4,40,to,88,-18.65,-173.98,neiafu,301.15,3.1
5,75,to,83,-19.8,-174.35,pangai,302.15,2.6
6,92,ru,100,65.58,-171.0,lavrentiya,273.029,14.15
7,75,nu,74,-19.06,-169.92,alofi,302.15,4.6
8,75,us,93,41.37,-73.41,bethel,285.15,1.5
9,90,us,92,71.29,-156.79,barrow,260.15,5.1
10,75,us,73,21.39,-158.15,nanakuli,301.15,4.6
11,90,us,100,64.5,-165.41,nome,270.15,10.8
12,40,ck,78,-21.21,-159.78,avarua,300.15,5.7
13,40,ws,74,-13.87,-171.6,lufilufi,303.15,6.2
14,1,us,61,19.73,-155.09,hilo,299.15,4.1
15,1,us,55,57.79,-152.41,kodiak,276.15,4.6
16,76,pf,100,-16.48,-151.75,faanui,299.279,9.2
17,20,us,61,20.88,-156.68,lahaina,300.15,3.6
18,1,us,92,60.55,-151.26,kenai,264.15,3.4
19,1,us,58,59.64,-151.55,homer,273.15,3.6
20,0,pf,100,-22.43,-151.33,moerai,296.429,8.1
21,80,pf,100,-9.8,-139.03,atuona,299.029,5.8
22,1,us,92,61.22,-149.9,anchorage,264.15,1.95
23,1,us,75,64.86,-147.8,college,248.15,1.5
24,40,pf,62,-17.83,-149.27,teahupoo,303.15,2.6
25,1,us,50,40.6,-124.16,fortuna,287.15,1.05
26,90,us,80,57.05,-135.33,sitka,277.15,3.1
27,75,ca,84,68.22,-135.01,aklavik,256.15,2.6
28,48,pf,100,-23.12,-134.97,rikitea,296.029,8.25
29,56,ca,92,60.75,-137.51,haines junction,257.929,1.2
30,90,ca,84,69.45,-133.04,tuktoyaktuk,257.15,4.6
31,90,ca,93,50.7,-127.42,port hardy,280.15,7.2
32,20,ca,75,63.59,-135.9,mayo,245.15,1.35
33,40,us,41,37.46,-122.43,half moon bay,291.15,1.5
34,90,us,93,55.34,-131.65,ketchikan,278.15,2.6
35,1,us,37,34.64,-120.46,lompoc,295.15,4.1
36,1,us,45,36.62,-121.92,pacific grove,292.15,4.1
37,1,us,66,43.41,-124.22,north bend,284.15,2.6
38,75,ca,70,60.72,-135.05,whitehorse,256.15,3.6
39,90,us,100,58.3,-134.42,juneau,272.15,1.5
40,32,mx,54,27.98,-114.06,guerrero negro,300.104,1.3
41,0,mx,41,30.48,-115.95,san quintin,297.879,2.05
42,90,ca,76,65.28,-126.83,norman wells,251.15,1.5
43,1,us,35,39.15,-123.21,ukiah,287.15,1.5
44,90,ca,93,48.93,-125.55,ucluelet,283.15,6.7
45,90,ca,92,54.05,-128.65,kitimat,272.15,6.7
46,90,ca,100,54.78,-127.17,smithers,271.15,1.5
47,36,cl,100,-53.15,-70.92,punta arenas,278.054,16.55
48,5,mx,22,22.89,-109.91,cabo san lucas,306.15,5.1
49,1,us,66,46.19,-123.83,astoria,285.15,2.1
50,90,ca,87,50.02,-125.24,campbell river,282.15,5.7
51,68,ca,92,54.23,-125.75,burns lake,275.179,1.5
52,90,ca,77,58.81,-122.7,fort nelson,256.15,2.6
53,1,us,55,42.44,-123.33,grants pass,277.15,3.6
54,75,ca,76,48.37,-123.73,sooke,283.15,2.2
55,20,ca,57,53.0,-122.5,quesnel,273.15,1.0
56,90,ca,100,55.3,-123.17,mackenzie,272.15,3.1
57,1,us,29,40.18,-122.24,red bluff,290.15,1.5
58,1,us,48,42.22,-121.78,klamath falls,280.15,1.5
59,1,us,36,44.06,-121.32,bend,283.15,3.6
60,1,us,53,45.58,-122.35,washougal,284.15,6.7
61,1,ca,65,50.69,-121.94,lillooet,281.15,7.7
62,1,mx,64,32.33,-117.03,rosarito,299.15,6.7
63,40,us,59,34.15,-119.2,port hueneme,297.15,6.2
64,20,us,42,39.6,-119.78,sun valley,282.15,1.4
65,1,us,48,40.42,-120.65,susanville,280.15,1.3
66,1,us,49,38.89,-94.53,grandview,285.15,6.7
67,1,us,61,47.43,-120.28,east wenatchee bench,282.15,4.1
68,20,ca,49,49.77,-119.74,peachland,281.15,1.5
69,75,ca,43,50.82,-119.69,chase,284.15,1.5
70,90,ca,86,55.22,-119.44,beaverlodge,272.15,2.6
71,90,ca,85,55.77,-120.24,dawson creek,267.15,1.25
72,75,ca,77,60.82,-115.8,hay river,257.15,4.6
73,75,ca,70,62.46,-114.35,yellowknife,252.15,4.1
74,20,mx,70,19.22,-104.7,san patricio,304.15,5.1
75,1,us,12,35.62,-117.67,ridgecrest,290.15,2.1
76,1,us,39,40.97,-117.74,winnemucca,281.15,1.5
77,1,us,39,44.77,-117.83,baker city,281.15,7.2
78,1,us,75,47.49,-117.58,cheney,281.15,3.6
79,88,ca,78,50.25,-117.8,nakusp,271.754,0.85
80,64,ca,66,52.88,-118.09,jasper,269.779,1.75
81,20,ca,47,53.4,-117.59,hinton,275.129,4.65
82,75,ca,85,56.07,-118.39,fairview,264.15,2.1
83,75,ca,84,58.52,-117.14,high level,260.15,3.6
84,0,mx,27,31.87,-116.62,ensenada,298.404,1.65
85,1,us,12,36.21,-115.98,pahrump,289.15,6.7
86,1,us,51,40.83,-115.76,elko,276.15,2.6
87,1,us,48,43.13,-115.69,mountain home,281.15,6.2
88,90,us,93,42.33,-83.33,garden city,281.15,5.7
89,75,us,78,48.28,-116.55,sandpoint,279.15,2.1
90,90,ca,59,49.68,-115.99,kimberley,275.15,6.2
91,20,ca,63,51.18,-115.57,banff,270.279,1.45
92,75,ca,92,54.15,-115.69,whitecourt,267.15,1.3
93,92,ca,74,55.43,-116.49,high prairie,272.629,2.5
94,20,ec,47,-0.74,-90.35,puerto ayora,300.15,5.7
95,20,mx,61,18.73,-103.68,coahuayana,301.15,4.1
96,1,us,13,32.66,-114.41,fortuna foothills,298.15,7.7
97,1,us,13,34.48,-114.32,lake havasu city,293.15,7.2
98,1,us,15,37.1,-113.58,saint george,287.15,2.1
99,1,us,35,42.54,-113.79,burley,279.15,2.6
100,90,us,93,39.4,-84.56,hamilton,290.15,5.1
101,48,ca,59,50.03,-113.59,claresholm,274.15,10.8
102,75,ca,58,52.13,-113.87,penhold,272.15,1.5
103,75,ca,58,54.15,-113.87,westlock,271.15,1.0
104,100,cl,98,-42.47,-73.77,castro,283.804,4.1
105,0,mx,83,17.96,-102.2,lazaro cardenas,301.604,3.0
106,0,mx,22,22.27,-101.97,loreto,298.629,4.55
107,0,mx,97,27.32,-112.28,santa rosalia,298.179,8.45
108,0,mx,26,30.7,-112.08,pitiquito,302.379,3.45
109,1,us,16,33.53,-111.94,paradise valley,299.15,2.1
110,1,us,11,35.2,-111.65,flagstaff,289.15,4.6
111,40,us,51,40.04,-111.73,payson,277.15,2.6
112,40,us,44,42.1,-111.88,preston,277.15,2.1
113,1,us,43,46.0,-112.53,butte,274.15,2.6
114,1,us,44,47.5,-111.3,great falls,279.15,7.2
115,75,ca,59,49.82,-112.15,taber,276.15,11.3
116,0,ca,81,51.63,-111.9,hanna,264.904,1.9
117,68,ca,86,53.72,-111.75,two hills,266.404,3.3
118,5,mx,70,20.7,-105.2,ixtapa,303.15,4.6
119,5,mx,22,24.17,-110.3,la paz,305.15,5.7
120,0,mx,28,25.92,-109.18,ahome,304.754,6.7
121,40,mx,20,27.58,-109.97,cocorit,306.15,4.1
122,8,mx,26,29.98,-109.78,cumpas,299.104,1.3
123,1,us,19,31.55,-110.3,sierra vista,296.15,1.7
124,1,us,20,37.35,-108.59,cortez,281.15,3.1
125,1,us,21,39.6,-110.81,price,277.15,3.1
126,1,us,68,41.53,-109.47,green river,269.15,11.3
127,90,us,100,40.8,-74.31,livingston,284.15,3.3
128,1,us,56,48.55,-109.68,havre,278.15,7.7
129,0,ca,83,52.33,-109.93,macklin,265.504,3.8
130,5,mx,55,23.22,-106.42,mazatlan,304.15,4.1
131,0,mx,15,27.75,-107.63,creel,294.154,1.9
132,5,mx,11,19.39,-99.17,benito juarez,297.15,3.6
133,1,us,16,32.27,-107.76,deming,292.15,6.2
134,1,us,16,31.65,-106.3,socorro,293.15,5.7
135,90,us,100,40.81,-74.19,bloomfield,285.15,3.3
136,1,us,24,38.48,-107.88,montrose,280.15,2.1
137,1,us,58,40.52,-107.55,craig,274.15,2.6
138,1,us,28,44.02,-107.96,worland,279.15,2.1
139,75,us,30,45.78,-108.5,billings,280.15,9.3
140,1,ca,68,50.28,-107.8,swift current,272.15,7.7
141,8,ca,87,52.07,-108.0,biggar,265.729,4.25
142,75,ca,78,54.13,-108.43,meadow lake,261.15,1.0
143,20,ca,66,55.1,-105.28,la ronge,261.15,2.1
144,88,cl,97,-41.87,-73.82,ancud,284.479,3.85
145,0,cl,98,-37.62,-73.65,lebu,286.254,6.4
146,0,mx,58,22.55,-105.75,teacapan,303.279,1.4
147,0,mx,29,24.08,-105.93,tayoltita,303.154,0.95
148,1,us,16,31.65,-106.3,socorro,293.15,5.7
149,1,us,31,33.33,-105.67,ruidoso,291.15,5.7
150,1,us,25,37.47,-105.87,alamosa,277.15,1.6
151,1,us,21,40.02,-105.27,boulder,284.15,3.1
152,1,us,30,44.29,-105.5,gillette,278.15,4.1
153,90,us,48,46.41,-105.84,miles city,279.15,3.1
154,0,ca,86,49.63,-105.98,assiniboia,267.529,4.5
155,0,ca,83,51.67,-105.47,watrous,262.804,4.05
156,20,ca,65,53.2,-105.77,prince albert,259.15,3.6
157,0,mx,36,20.08,-104.12,juchitlan,303.604,1.2
158,5,mx,10,18.87,-99.65,villa guerrero,296.15,2.6
159,5,mx,9,19.12,-98.17,vicente guerrero,299.15,4.6
160,5,mx,14,25.82,-103.85,mapimi,303.15,4.1
161,1,mx,46,26.25,-98.83,camargo,305.15,3.1
162,0,mx,16,29.57,-104.42,ojinaga,298.879,3.3
163,1,us,18,34.19,-103.33,portales,284.15,7.2
164,1,us,29,38.25,-104.61,pueblo,284.15,4.1
165,1,us,19,40.25,-103.8,fort morgan,281.15,3.1
166,90,us,81,41.8,-73.12,torrington,285.15,1.5
167,20,us,35,44.49,-103.86,spearfish,278.15,9.8
168,0,ca,87,49.67,-103.85,weyburn,262.979,3.0
169,0,ca,84,51.95,-103.8,wadena,258.804,3.8
170,0,pe,73,-13.7,-76.22,pisco,294.15,7.2
171,64,mx,75,16.52,-98.75,tecoanapa,301.729,2.9
172,5,mx,11,21.92,-101.97,palo alto,300.15,5.7
173,1,us,28,29.36,-100.9,del rio,296.15,9.3
174,1,us,18,32.0,-102.08,midland,289.15,7.2
175,90,us,76,40.78,-73.47,plainview,286.15,5.7
176,1,us,19,38.09,-102.62,lamar,283.15,2.6
177,1,us,29,41.12,-100.77,north platte,282.15,8.2
178,20,us,48,29.46,-95.05,dickinson,303.15,4.6
179,20,us,53,48.23,-101.3,minot,270.15,7.7
180,0,ca,73,50.13,-101.67,moosomin,262.679,6.05
181,90,ca,72,54.77,-101.86,flin flon,261.15,3.6
182,90,ca,72,55.74,-97.86,thompson,261.15,7.2
183,5,mx,83,15.85,-97.07,puerto escondido,300.15,4.1
184,0,mx,18,19.92,-100.0,temascalcingo,295.379,2.85
185,0,mx,24,23.67,-100.18,doctor arroyo,300.629,2.6
186,5,mx,28,25.87,-100.05,marin,305.15,9.8
187,1,mx,42,27.48,-99.52,nuevo laredo,304.15,7.2
188,1,us,31,29.21,-99.79,uvalde,298.15,6.7
189,1,us,33,32.45,-99.73,abilene,289.15,11.8
190,1,us,23,34.15,-99.27,vernon,289.15,8.2
191,1,us,20,36.43,-99.39,woodward,286.15,10.3
192,1,us,27,37.75,-100.02,dodge city,284.15,8.2
193,90,us,82,37.99,-84.48,lexington,291.15,6.7
194,1,us,59,44.37,-100.35,pierre,275.15,5.1
195,1,us,47,46.81,-100.78,bismarck,275.15,5.1
196,1,us,57,48.11,-98.87,devils lake,265.15,7.2
197,90,ca,66,53.83,-101.25,the pas,261.15,5.1
198,0,mx,21,19.93,-97.97,zacatlan,295.129,1.2
199,5,mx,69,22.05,-98.17,panuco,301.15,5.1
200,1,mx,48,25.98,-98.1,rio bravo,305.15,1.5
201,20,us,33,30.0,-97.87,kyle,297.15,11.8
202,75,us,35,36.4,-97.88,enid,288.15,9.3
203,1,us,34,38.06,-97.93,hutchinson,286.15,11.3
204,90,us,55,36.85,-76.29,norfolk,291.15,4.1
205,1,us,44,43.71,-98.03,mitchell,276.15,9.3
206,1,us,46,45.46,-98.49,aberdeen,272.15,8.2
207,90,us,75,42.21,-71.69,grafton,281.15,1.5
208,48,ca,86,50.63,-96.99,gimli,265.229,5.85
209,64,pe,68,-11.1,-77.61,hualmay,293.654,2.65
210,40,gt,52,14.3,-91.92,champerico,304.15,3.1
211,0,mx,83,18.1,-95.88,loma bonita,301.004,2.1
212,0,mx,84,21.27,-97.45,tamiahua,300.429,6.0
213,0,mx,82,23.17,-97.95,nuevo progreso,301.354,6.35
214,40,us,62,25.9,-97.5,brownsville,304.15,5.7
215,20,us,36,29.79,-95.82,katy,303.15,7.7
216,90,us,63,33.96,-83.38,athens,293.15,1.5
217,0,us,47,33.99,-96.37,durant,287.15,6.2
218,1,us,37,36.02,-95.97,jenks,286.15,4.6
219,40,us,46,40.27,-96.75,beatrice,283.15,9.8
220,75,us,45,32.54,-94.37,marshall,296.15,8.2
221,1,us,57,46.28,-96.08,fergus falls,270.15,8.7
222,12,ca,86,50.15,-95.88,pinawa,264.379,6.25
223,24,gl,100,77.48,-69.36,qaanaaq,253.979,5.45
224,40,gt,52,14.51,-92.19,ocos,304.15,3.1
225,12,mx,49,16.03,-93.87,paredon,302.254,0.95
226,40,mx,74,17.93,-94.08,las choapas,301.15,5.1
227,40,mx,58,18.4,-93.23,paraiso,302.15,3.6
228,20,us,54,29.97,-93.99,nederland,302.15,5.7
229,75,us,45,32.52,-93.73,bossier city,296.15,8.2
230,90,us,100,42.59,-82.92,clinton,281.15,6.2
231,1,us,43,39.34,-94.23,excelsior springs,284.15,9.8
232,1,us,76,36.22,-81.67,boone,291.15,4.25
233,1,us,69,44.16,-94.0,mankato,274.15,9.8
234,90,us,67,46.36,-94.2,brainerd,270.15,4.1
235,90,ca,72,48.6,-93.4,fort frances,265.15,4.1
236,90,ca,72,49.82,-94.43,kenora,264.15,4.1
237,90,ar,98,-54.8,-68.3,ushuaia,274.15,11.8
238,12,pe,51,-10.07,-78.15,huarmey,295.904,2.0
239,20,ec,57,-0.9,-89.62,san cristobal,297.15,5.7
240,40,sv,59,13.59,-89.83,acajutla,305.15,4.1
241,0,gt,84,16.98,-89.9,san jose,299.654,1.6
242,0,mx,95,18.97,-91.18,sabancuy,300.429,2.2
243,0,mx,99,20.87,-90.4,celestun,299.254,1.65
244,75,us,74,29.7,-91.21,morgan city,299.15,6.2
245,20,us,51,34.23,-92.0,pine bluff,289.15,12.9
246,90,us,53,35.77,-91.64,batesville,285.15,6.7
247,75,us,87,37.95,-91.77,rolla,280.15,4.6
248,90,us,75,42.25,-71.0,quincy,284.15,1.5
249,1,us,56,42.01,-91.64,cedar rapids,280.15,5.1
250,1,us,60,44.05,-91.64,winona,278.15,6.7
251,90,us,58,46.72,-92.1,superior,271.15,6.2
252,80,ca,70,48.76,-91.62,atikokan,267.504,3.65
253,90,ca,78,50.1,-91.92,sioux lookout,264.15,5.7
254,0,cl,92,-29.95,-71.34,coquimbo,289.279,1.5
255,75,pe,77,-7.84,-79.15,chicama,293.15,5.7
256,20,cr,52,10.26,-85.59,santa cruz,304.15,2.1
257,5,mx,38,21.28,-89.67,progreso,304.15,2.1
258,40,us,69,29.94,-89.96,chalmette,300.15,6.7
259,1,us,53,27.94,-82.29,brandon,299.15,3.0
260,90,us,71,35.93,-89.92,blytheville,287.15,15.4
261,90,us,100,42.59,-82.92,clinton,281.15,6.2
262,75,us,64,44.38,-89.82,wisconsin rapids,277.15,4.6
263,75,ca,79,48.4,-89.32,thunder bay,269.15,4.1
264,0,pe,73,-5.56,-80.82,sechura,295.754,6.65
265,20,ni,52,11.85,-86.44,san rafael del sur,304.15,4.1
266,20,ni,58,12.48,-87.17,corinto,303.15,2.1
267,20,bz,62,17.92,-87.97,san pedro,302.15,3.1
268,92,mx,70,19.58,-88.05,felipe carrillo puerto,300.629,1.6
269,75,us,78,30.37,-88.56,pascagoula,298.15,3.6
270,75,us,88,30.52,-87.9,fairhope,298.15,3.1
271,40,us,58,33.66,-95.56,paris,289.15,11.3
272,0,us,11,36.04,-114.98,henderson,289.15,6.2
273,90,us,93,40.11,-88.21,urbana,277.15,8.7
274,90,us,80,42.0,-87.97,elk grove village,277.15,11.3
275,90,us,74,44.09,-87.66,manitowoc,276.15,8.7
276,90,us,100,46.54,-87.4,marquette,277.15,7.7
277,75,ca,92,48.78,-87.1,terrace bay,269.15,4.6
278,75,hn,83,16.02,-85.97,puerto castilla,299.15,2.1
279,75,mx,78,21.23,-86.73,isla mujeres,299.15,2.1
280,12,cu,68,22.29,-84.28,mantua,299.804,2.1
281,0,us,53,27.73,-82.74,saint pete beach,300.15,1.5
282,1,us,73,30.16,-85.66,panama city,296.15,5.7
283,90,us,73,34.01,-86.01,gadsden,295.15,3.6
284,75,us,88,37.84,-85.95,radcliff,292.15,7.2
285,90,us,93,40.05,-86.01,noblesville,284.15,7.7
286,90,us,93,43.7,-85.48,big rapids,277.15,5.1
287,40,ca,75,70.47,-68.59,clyde river,246.15,2.1
288,0,pe,73,-9.09,-78.58,chimbote,293.029,4.1
289,90,ec,83,-2.22,-80.97,salinas,295.15,4.6
290,40,ec,69,-0.95,-80.73,manta,300.15,6.2
291,20,ec,75,0.6,-80.03,muisne,298.904,3.3
292,56,cr,93,9.17,-83.33,buenos aires,297.904,1.2
293,92,cr,82,9.37,-83.7,san isidro,295.254,0.85
294,20,ni,62,12.01,-83.76,bluefields,303.15,2.1
295,92,hn,100,15.8,-84.28,barra patuca,297.779,5.8
296,80,cu,70,22.9,-83.16,bahia honda,299.529,2.3
297,90,us,43,31.96,-83.78,cordele,298.15,4.1
298,90,us,63,33.96,-83.99,lawrenceville,293.15,1.5
299,90,us,72,35.96,-83.92,knoxville,291.15,10.3
300,90,us,100,39.96,-84.17,tipp city,290.15,10.8
301,90,us,93,41.9,-84.04,adrian,282.15,7.7
302,90,us,100,43.59,-83.89,bay city,277.15,5.7
303,90,ca,100,46.25,-83.57,thessalon,276.15,3.1
304,88,ca,79,49.68,-83.67,hearst,270.554,2.75
305,0,cl,41,-45.58,-72.07,coihaique,283.179,4.25
306,44,pa,100,8.4,-78.15,la palma,298.754,1.85
307,20,co,70,12.58,-81.7,san andres,303.15,4.1
308,75,ni,62,14.04,-83.39,puerto cabezas,303.15,2.1
309,40,ky,74,19.29,-81.37,george town,301.15,7.2
310,1,us,61,24.56,-81.78,key west,299.15,3.1
311,1,us,54,26.14,-81.79,naples,300.15,3.6
312,40,us,41,28.03,-82.01,winston,300.15,3.1
313,1,us,41,30.13,-81.77,lakeside,299.15,3.1
314,1,us,76,36.22,-81.67,boone,291.15,4.25
315,90,us,52,38.39,-81.84,saint albans,293.15,7.7
316,90,us,63,39.94,-82.01,zanesville,291.15,5.7
317,92,ca,95,42.33,-82.0,blenheim,284.304,8.05
318,90,ca,100,45.98,-81.92,little current,275.15,7.7
319,90,ca,100,48.47,-81.33,timmins,270.15,5.1
320,0,cl,76,-35.33,-72.42,constitucion,289.354,8.2
321,0,cl,71,-23.65,-70.4,antofagasta,292.879,1.75
322,0,pe,48,-5.98,-79.75,olmos,300.479,1.75
323,75,ec,61,-1.93,-79.97,el triunfo,301.15,3.6
324,40,co,77,4.71,-74.23,mosquera,289.15,4.6
325,20,pa,70,9.55,-79.65,portobelo,304.15,4.1
326,20,jm,70,18.03,-77.85,black river,302.15,6.7
327,40,cu,65,22.15,-79.97,manicaragua,300.15,5.1
328,20,cu,69,22.98,-80.59,corralillo,300.679,5.05
329,40,us,57,29.29,-81.06,ormond beach,299.15,3.05
330,1,us,72,32.78,-79.93,charleston,295.15,3.6
331,75,us,68,34.8,-87.68,florence,295.15,8.2
332,75,us,55,35.96,-80.01,high point,292.15,3.1
333,90,us,55,37.34,-79.94,hollins,289.15,5.1
334,40,us,55,39.9,-79.72,uniontown,290.15,4.1
335,40,ca,56,63.75,-68.51,iqaluit,262.15,7.2
336,0,cl,67,-33.04,-71.63,valparaiso,292.379,1.95
337,0,cl,65,-25.4,-70.48,taltal,291.479,1.55
338,0,pe,44,-6.23,-77.87,chachapoyas,297.754,1.1
339,24,ec,100,-3.83,-78.76,yantzaza,294.154,1.15
340,36,ec,92,-1.7,-77.93,palora,294.429,1.15
341,92,ec,73,0.05,-78.13,cayambe,286.429,0.4
342,64,co,100,6.23,-77.4,mutis,298.054,2.3
343,56,jm,71,17.89,-77.59,bull savanna,299.029,2.1
344,24,cu,91,20.04,-77.58,niquero,301.529,2.35
345,40,cu,65,21.85,-78.12,esmeralda,300.15,6.2
346,40,bs,69,24.7,-77.77,andros town,300.15,4.1
347,20,bs,57,26.62,-78.28,high rock,300.15,2.6
348,20,us,72,34.23,-77.94,wilmington,292.15,3.6
349,1,us,42,38.47,-78.0,culpeper,290.15,3.1
350,90,us,100,42.08,-78.43,olean,281.15,4.6
351,90,ca,100,44.0,-77.88,colborne,280.15,1.0
352,90,ca,92,46.1,-77.5,deep river,272.15,3.1
353,90,ca,86,48.13,-78.13,malartic,270.15,2.1
354,90,ca,100,49.75,-77.63,matagami,268.15,1.5
355,92,cl,88,-39.81,-73.25,valdivia,286.004,2.55
356,24,pe,98,-16.62,-72.71,camana,290.629,3.65
357,0,pe,52,-15.43,-74.62,acari,294.254,1.4
358,20,pe,63,-5.9,-76.08,yurimaguas,306.15,2.1
359,64,co,80,0.51,-76.5,puerto asis,301.629,1.05
360,40,co,54,4.08,-76.2,tulua,302.15,3.1
361,75,co,93,5.96,-75.97,salgar,292.15,1.0
362,80,co,70,8.17,-76.06,tierralta,302.054,3.45
363,68,co,82,9.74,-75.53,san onofre,301.029,5.15
364,40,co,79,10.99,-74.95,puerto colombia,302.15,5.1
365,40,cu,58,20.05,-75.95,el cobre,302.15,2.1
366,8,bs,100,26.54,-77.06,marsh harbour,299.104,4.55
367,1,us,67,36.29,-76.25,elizabeth city,292.15,2.6
368,90,us,100,39.98,-75.82,coatesville,285.15,2.1
369,90,us,100,42.1,-76.05,endicott,278.15,5.1
370,90,us,56,42.37,-71.18,watertown,281.15,2.3
371,80,ca,83,46.38,-75.97,maniwaki,271.679,1.85
372,90,ca,85,49.78,-74.85,chapais,265.15,5.1
373,0,pe,71,-17.64,-71.34,ilo,292.529,2.1
374,32,pe,38,-14.8,-73.92,tambo,287.404,1.85
375,75,pe,44,-12.65,-73.92,ayna,299.15,4.1
376,76,pe,99,-11.25,-74.64,satipo,292.729,0.9
377,20,pe,62,-8.38,-74.55,pucallpa,304.15,4.1
378,75,pe,94,-3.75,-73.25,iquitos,299.15,3.1
379,0,co,59,-0.19,-74.78,puerto leguizamo,305.729,1.35
380,8,co,44,2.18,-73.78,la macarena,305.979,1.15
381,92,co,93,5.8,-73.97,florian,292.229,1.25
382,64,co,83,7.96,-74.05,santa rosa del sur,300.179,1.3
383,48,co,85,9.97,-73.88,bosconia,297.029,1.2
384,92,co,100,11.54,-72.91,riohacha,297.804,1.8
385,32,ht,100,18.2,-73.75,les cayes,299.404,2.65
386,48,bs,100,23.1,-74.98,clarence town,300.029,7.85
387,80,bs,96,24.03,-74.52,cockburn town,299.729,7.95
388,90,us,59,36.85,-75.98,virginia beach,291.15,5.1
389,90,us,66,40.08,-74.07,point pleasant,285.15,5.1
390,90,us,81,41.93,-74.0,kingston,279.15,1.5
391,90,us,74,43.31,-73.64,glens falls,279.15,1.5
392,90,ca,68,45.95,-74.13,sainte-adele,273.15,2.1
393,92,ca,62,47.43,-72.78,la tuque,268.479,1.1
394,40,ar,60,-51.62,-69.22,rio gallegos,278.15,15.4
395,0,cl,52,-36.15,-71.83,parral,294.529,6.85
396,0,cl,90,-20.22,-70.14,iquique,291.804,2.95
397,56,br,82,-8.27,-72.74,porto walter,301.779,1.2
398,0,br,57,-29.51,-51.99,cruzeiro do sul,295.404,2.65
399,12,co,51,1.34,-71.95,miraflores,306.679,1.4
400,20,co,79,10.25,-74.91,calamar,302.15,3.6
401,20,do,78,18.04,-71.74,pedernales,301.15,7.7
402,90,us,56,42.78,-71.08,haverhill,281.15,4.2
403,90,ca,59,45.95,-71.98,warwick,273.15,1.0
404,40,ar,66,-41.15,-71.31,san carlos de bariloche,283.15,12.9
405,0,ar,31,-38.95,-68.06,neuquen,297.15,8.7
406,0,cl,38,-35.55,-71.48,san clemente,295.379,4.0
407,56,cl,68,-31.77,-70.97,salamanca,286.254,0.75
408,0,cl,71,-27.37,-70.33,copiapo,291.779,1.35
409,0,pe,56,-18.01,-70.25,tacna,294.15,4.6
410,75,pe,15,-15.83,-70.03,puno,293.15,5.7
411,68,pe,59,-11.35,-69.58,iberia,304.029,2.55
412,8,br,67,-8.84,-69.26,manoel urbano,303.804,1.4
413,8,br,75,-8.16,-70.35,feijo,302.729,2.1
414,8,br,76,-6.66,-69.87,eirunepe,302.379,0.25
415,75,co,94,-4.22,-69.94,leticia,298.15,2.1
416,32,co,75,6.3,-70.2,cravo norte,303.779,3.25
417,32,ve,69,8.62,-70.21,barinas,304.129,2.45
418,48,ve,94,10.18,-70.08,carora,297.229,2.1
419,20,aw,83,12.52,-70.03,oranjestad,301.15,2.6
420,56,tc,100,21.46,-71.14,cockburn town,299.654,8.7
421,40,bm,60,32.29,-64.78,hamilton,293.15,2.6
422,75,us,76,41.28,-70.1,nantucket,285.15,4.1
423,90,us,69,43.93,-69.98,topsham,277.15,1.5
424,88,ca,100,47.66,-70.16,la malbaie,271.254,1.45
425,90,ca,79,48.74,-69.08,forestville,269.15,1.5
426,75,ca,80,50.03,-66.87,port-cartier,272.15,2.6
427,75,ar,42,-45.87,-67.5,comodoro rivadavia,293.15,7.7
428,92,ar,37,-43.25,-65.31,trelew,293.104,11.1
429,0,ar,13,-34.62,-68.33,san rafael,301.104,2.7
430,0,ar,20,-31.54,-68.54,san juan,298.754,2.55
431,0,ar,32,-29.41,-66.85,la rioja,297.904,2.05
432,0,cl,34,-22.47,-68.93,calama,289.979,2.0
433,0,bo,6,-20.46,-66.83,uyuni,291.804,8.5
434,40,bo,10,-16.19,-67.73,coroico,292.15,6.2
435,75,bo,74,-14.44,-67.53,rurrenabaque,305.15,5.1
436,40,br,74,-9.97,-67.81,rio branco,301.15,2.1
437,12,br,66,-3.1,-67.94,santo antonio do ica,304.629,1.25
438,20,br,87,-0.13,-67.09,sao gabriel da cachoeira,301.529,1.05
439,24,co,82,3.87,-67.92,inirida,303.304,0.2
440,40,ve,52,5.66,-67.62,puerto ayacucho,307.15,1.3
441,32,ve,39,8.92,-67.43,calabozo,308.729,4.1
442,32,ve,69,10.09,-67.92,tacarigua,300.754,1.1
443,1,us,64,32.3,-81.24,rincon,297.15,5.1
444,90,us,51,44.39,-68.2,bar harbor,275.15,4.2
445,1,us,74,46.13,-67.84,houlton,272.15,1.3
446,0,ca,80,66.15,-65.71,pangnirtung,254.804,4.3
447,0,ar,31,-39.03,-67.58,general roca,297.15,8.7
448,0,ar,34,-36.62,-64.28,santa rosa,295.554,6.15
449,0,ar,30,-34.65,-59.43,mercedes,291.629,6.1
450,0,ar,14,-33.3,-66.34,san luis,299.754,3.55
451,88,bo,19,-22.09,-65.59,villazon,289.529,1.2
452,40,bo,17,-19.58,-65.75,potosi,292.15,5.1
453,92,bo,99,-16.98,-65.13,chimore,295.879,2.85
454,75,bo,55,-10.98,-66.1,riberalta,305.15,4.1
455,8,br,75,-7.71,-66.98,pauini,303.054,1.2
456,36,br,66,-4.88,-66.9,carauari,304.279,0.3
457,24,br,76,-0.41,-65.02,santa isabel do rio negro,302.629,1.85
458,40,co,52,6.19,-67.49,puerto carreno,307.15,0.55
459,0,ve,42,9.35,-65.32,zaraza,307.604,5.1
460,90,ca,100,44.08,-80.2,shelburne,280.15,1.0
461,90,ca,100,43.83,-66.12,yarmouth,276.15,2.1
462,40,ca,74,45.84,-66.48,oromocto,272.15,1.0
463,32,ar,28,-40.81,-63.0,viedma,294.654,6.7
464,0,ar,35,-35.66,-63.76,general pico,295.354,5.55
465,0,ar,22,-31.41,-64.18,cordoba,297.15,5.1
466,0,ar,26,-27.8,-64.26,santiago del estero,298.754,1.95
467,90,bo,69,-22.04,-63.68,yacuiba,296.15,2.6
468,75,bo,51,-19.82,-63.98,monteagudo,300.15,1.45
469,64,bo,74,-15.7,-63.08,ascension,302.104,1.35
470,36,br,69,-9.91,-63.04,ariquemes,302.779,1.0
471,0,br,74,-6.53,-64.38,canutama,303.529,1.15
472,24,br,90,-4.08,-63.14,coari,300.129,2.95
473,40,br,44,2.82,-60.67,boa vista,307.15,3.6
474,0,ve,33,8.12,-63.55,ciudad bolivar,309.054,5.55
475,8,ve,66,10.46,-64.18,cumana,300.554,1.05
476,0,ve,95,11.03,-63.86,la asuncion,301.854,7.1
477,20,vg,88,18.42,-64.62,road town,299.15,2.1
478,24,ca,100,44.03,-64.72,liverpool,279.754,6.15
479,90,ca,84,50.23,-63.6,havre-saint-pierre,273.15,3.1
480,0,ar,57,-38.88,-62.07,punta alta,293.604,7.95
481,0,ar,29,-34.87,-61.53,lincoln,294.179,4.9
482,0,ar,28,-33.75,-61.97,venado tuerto,295.104,5.2
483,0,ar,31,-31.43,-62.08,san francisco,296.529,3.7
484,0,ar,32,-31.25,-61.49,rafaela,295.729,4.8
485,0,ar,24,-26.79,-60.44,presidencia roque saenz pena,298.529,8.05
486,75,bo,83,-17.65,-62.75,pailon,300.15,4.6
487,0,br,68,-11.18,-61.9,presidente medici,302.979,1.75
488,24,br,70,-10.44,-62.47,jaru,303.004,0.95
489,32,br,80,-7.51,-63.02,humaita,302.229,1.1
490,24,br,59,-5.81,-61.3,manicore,305.529,1.0
491,8,br,76,-3.84,-62.06,codajas,303.529,2.6
492,20,br,70,-0.97,-62.92,barcelos,303.304,1.8
493,20,tt,66,10.18,-61.68,point fortin,303.15,4.1
494,20,gd,83,12.16,-61.73,gouyave,302.15,6.2
495,20,gp,69,16.06,-61.77,vieux-habitants,301.15,3.6
496,75,ai,94,18.22,-63.06,the valley,301.15,3.1
497,75,ca,86,44.65,-63.57,halifax,274.15,5.1
498,90,ca,93,45.62,-62.0,antigonish,275.15,5.7
499,75,ca,86,47.38,-61.86,cap-aux-meules,276.15,8.2
500,92,ca,100,51.23,-58.65,saint-augustin,276.679,7.2
501,0,gl,100,72.79,-56.15,upernavik,259.379,5.7
502,0,ar,40,-38.37,-60.28,tres arroyos,291.154,6.35
503,90,ar,48,-24.23,-64.87,san pedro,290.15,3.6
504,0,ar,46,-29.15,-59.65,reconquista,294.404,6.9
505,0,ar,31,-27.46,-58.98,resistencia,297.15,6.2
506,20,py,87,-22.35,-60.03,filadelfia,297.304,8.35
507,0,bo,62,-16.24,-68.85,san pedro,289.604,3.2
508,40,br,65,-12.74,-60.15,vilhena,301.15,5.1
509,68,br,79,-9.17,-60.63,aripuana,302.404,0.6
510,36,br,89,-4.39,-59.59,borba,300.404,0.85
511,40,br,94,-3.1,-60.03,manaus,302.15,1.0
512,20,gy,66,6.4,-58.62,bartica,303.15,5.1
513,0,gy,76,8.2,-59.78,mabaruma,301.879,4.3
514,64,ca,100,47.57,-59.14,channel-port aux basques,279.104,12.85
515,0,ar,81,-38.55,-58.74,necochea,287.754,5.2
516,0,ar,48,-38.0,-57.56,mar del plata,289.15,3.6
517,0,ar,50,-36.31,-57.68,dolores,289.354,6.7
518,0,uy,55,-30.28,-57.6,bella union,292.104,7.2
519,0,py,49,-27.32,-57.67,cerrito,294.129,6.9
520,80,py,100,-23.41,-57.43,concepcion,295.104,5.8
521,92,py,99,-21.04,-57.87,fuerte olimpo,295.729,4.45
522,92,bo,70,-17.78,-57.77,puerto quijarro,302.379,6.35
523,76,br,76,-14.8,-57.29,nova olimpia,301.979,2.85
524,32,br,79,-9.88,-56.09,alta floresta,301.679,0.8
525,36,br,88,-6.22,-57.75,jacareacanga,301.104,0.25
526,36,br,52,-3.38,-57.72,maues,305.979,1.05
527,0,br,32,3.08,-59.95,bonfim,309.029,2.85
528,40,bb,83,13.07,-59.53,oistins,301.15,6.2
529,0,ca,100,47.62,-57.62,burgeo,279.929,7.95
530,90,ca,93,49.17,-57.43,deer lake,276.15,1.5
531,0,gl,100,65.42,-52.9,maniitsoq,261.129,4.45
532,0,gl,100,66.94,-53.67,sisimiut,250.304,2.2
533,40,uy,36,-34.86,-56.05,paso de carrasco,291.15,7.2
534,0,uy,51,-31.73,-55.98,tacuarembo,290.154,7.15
535,0,br,46,-29.78,-55.79,alegrete,292.279,7.1
536,0,ar,26,-27.37,-55.9,posadas,299.15,5.1
537,44,br,77,-18.51,-54.76,coxim,299.929,5.0
538,8,br,51,-4.28,-55.98,itaituba,306.004,1.3
539,0,br,39,-1.77,-55.87,oriximina,306.929,2.4
540,32,gf,42,4.25,-54.38,grand-santi,306.254,1.15
541,0,sr,99,5.88,-56.32,totness,300.729,7.2
542,48,ca,99,47.48,-55.8,harbour breton,279.404,3.2
543,20,gl,73,64.18,-51.72,nuuk,268.15,8.7
544,40,uy,39,-34.9,-54.95,maldonado,290.15,6.2
545,12,uy,50,-32.37,-54.18,melo,289.779,7.65
546,0,br,33,-29.68,-53.81,santa maria,297.15,3.6
547,12,br,75,-27.85,-53.78,santo augusto,294.629,6.05
548,92,br,100,-21.8,-54.55,rio brilhante,294.129,4.95
549,64,br,100,-16.35,-53.76,guiratinga,294.479,0.35
550,64,br,93,-15.97,-54.97,jaciara,297.254,1.9
551,8,br,75,-6.64,-51.99,sao felix do xingu,302.154,0.7
552,0,br,66,-2.44,-54.71,santarem,303.15,2.1
553,0,br,48,-1.8,-53.48,prainha,305.679,2.15
554,20,gf,72,3.17,-52.32,camopi,301.529,1.5
555,12,gf,68,5.66,-53.78,mana,301.729,2.35
556,75,ca,93,47.73,-53.21,carbonear,278.15,3.6
557,90,ca,100,48.85,-54.01,hare bay,276.15,5.7
558,56,gl,100,61.99,-49.67,paamiut,272.804,2.6
559,0,gl,100,68.31,-53.46,kangaatsiaq,261.929,3.4
560,32,uy,78,-33.7,-53.46,chuy,288.004,8.7
561,0,br,51,-30.12,-51.96,butia,297.504,6.35
562,40,br,60,-28.07,-52.01,tapejara,294.15,5.1
563,92,br,100,-25.7,-51.66,pinhao,291.029,0.5
564,40,br,83,-24.03,-52.01,barbosa ferraz,296.15,2.1
565,0,br,69,-21.88,-51.84,presidente venceslau,296.15,1.0
566,80,br,81,-17.88,-51.71,jatai,298.004,6.05
567,56,br,78,-15.9,-52.25,aragarcas,297.879,1.6
568,36,br,92,-14.74,-50.57,mozarlandia,298.904,1.95
569,64,br,63,-13.28,-50.16,sao miguel do araguaia,303.179,1.3
570,0,br,74,-3.2,-52.21,altamira,302.15,1.6
571,0,br,66,-0.12,-51.29,mazagao,303.15,5.1
572,12,ca,95,48.65,-53.11,bonavista,277.679,1.4
573,0,gl,44,69.22,-51.1,ilulissat,254.15,0.5
574,88,br,90,-28.29,-49.93,sao joaquim,290.604,2.5
575,92,br,92,-26.11,-49.81,mafra,292.379,2.4
576,88,br,85,-23.86,-50.03,terra roxa,295.854,3.95
577,68,br,75,-20.08,-49.91,cardoso,299.179,3.8
578,88,br,92,-18.01,-49.35,goiatuba,295.854,1.6
579,64,br,83,-14.55,-49.97,crixas,298.779,1.8
580,20,br,88,-8.26,-49.26,conceicao do araguaia,299.504,1.85
581,75,br,70,-5.13,-49.33,itupiranga,302.15,1.0
582,44,br,53,-3.77,-49.67,tucurui,304.929,1.05
583,12,br,57,-2.0,-49.85,oeiras do para,304.554,3.4
584,75,br,88,-25.67,-48.51,pontal do parana,295.15,3.6
585,64,br,70,-21.95,-48.0,ibate,298.804,3.9
586,80,br,81,-18.17,-47.95,catalao,296.854,2.15
587,40,br,64,-15.78,-47.93,brasilia,297.15,2.6
588,32,br,69,-13.8,-47.46,cavalcante,297.729,1.15
589,44,br,59,-10.21,-48.36,palmas,303.479,2.3
590,32,br,58,-7.19,-48.21,araguaina,303.179,2.05
591,48,br,62,-2.97,-47.48,paragominas,302.254,3.9
592,64,br,96,-0.73,-47.85,curuca,300.904,6.25
593,48,gl,98,60.14,-45.24,nanortalik,271.304,14.75
594,44,gl,62,60.72,-46.03,qaqortoq,267.15,2.1
595,44,br,91,-24.32,-47.0,peruibe,299.129,1.6
596,75,br,88,-23.99,-46.26,guaruja,295.15,2.6
597,32,br,88,-22.23,-45.94,pouso alegre,294.129,0.3
598,92,br,58,-20.01,-45.98,bambui,298.779,2.5
599,44,br,61,-17.74,-46.17,joao pinheiro,300.354,2.1
600,88,br,56,-9.45,-46.3,morros,301.854,1.15
601,64,br,74,-7.53,-46.04,balsas,298.979,1.2
602,76,br,83,-5.82,-46.14,grajau,298.804,0.95
603,64,br,73,-3.67,-45.38,santa ines,301.304,2.05
604,75,br,88,-21.84,-43.79,lima duarte,293.15,4.1
605,24,br,61,-18.25,-43.6,diamantina,297.729,1.25
606,48,br,100,-15.93,-44.01,sao joao da ponte,294.379,1.55
607,44,br,63,-14.3,-43.77,carinhanha,300.804,2.05
608,56,br,74,-12.19,-43.22,ibotirama,298.254,1.3
609,88,br,47,-9.07,-44.36,bom jesus,304.154,1.85
610,32,br,48,-7.23,-44.56,urucui,303.754,3.15
611,100,br,48,-4.13,-44.12,coroata,304.904,1.8
612,48,br,68,-1.83,-44.87,cururupu,301.279,4.65
613,75,pt,94,38.52,-28.7,ribeira grande,293.15,4.6
614,0,gl,52,65.61,-37.64,tasiilaq,265.15,2.6
615,64,br,81,-22.97,-42.03,arraial do cabo,298.879,8.5
616,76,br,65,-17.84,-42.08,malacacheta,298.904,1.7
617,80,br,43,-11.64,-42.01,ibipeba,301.279,2.5
618,68,br,57,-7.85,-41.91,simplicio mendes,300.529,2.05
619,92,br,34,-6.2,-42.14,elesbao veloso,306.654,2.05
620,0,br,48,-9.68,-37.12,batalha,301.879,4.8
621,0,br,69,-2.76,-42.27,tutoia,301.15,8.7
622,0,cv,100,17.2,-25.09,ponta do sol,297.779,6.15
623,0,br,69,-21.64,-41.05,sao joao da barra,299.15,11.3
624,8,br,46,-18.13,-40.36,montanha,302.104,4.85
625,48,br,71,-15.66,-40.07,itarantim,297.254,2.95
626,88,br,75,-14.02,-39.89,jitauna,297.029,3.1
627,12,br,56,-11.96,-40.17,baixa grande,299.379,1.95
628,0,br,51,-3.75,-39.78,iraucuba,301.679,5.05
629,0,br,62,-2.89,-40.12,acarau,300.929,7.15
630,56,br,97,-17.71,-39.25,caravelas,298.929,7.35
631,0,br,82,-11.94,-38.08,entre rios,298.779,4.15
632,92,br,39,-7.87,-37.97,flores,302.254,1.95
633,80,br,36,-5.99,-37.81,umarizal,305.104,2.95
634,20,br,69,-4.18,-38.13,beberibe,300.15,4.6
635,0,cv,98,14.9,-24.5,sao filipe,298.404,5.3
636,0,br,78,-12.7,-38.32,camacari,298.15,4.6
637,20,br,78,-10.91,-37.07,aracaju,298.15,4.6
638,48,br,56,-8.01,-36.06,toritama,299.354,4.1
639,76,pt,100,39.05,-27.98,lagoa,292.529,8.45
640,92,br,83,-9.01,-35.22,maragogi,298.104,3.25
641,20,br,69,-6.09,-35.21,nisia floresta,300.15,4.1
642,0,br,76,-5.2,-35.46,touros,299.804,5.9
643,90,is,100,63.84,-22.43,grindavik,273.15,3.1
644,20,pt,82,37.73,-25.67,ponta delgada,292.15,3.6
645,24,es,73,28.66,-17.92,los llanos de aridane,294.15,0.5
646,20,sh,78,-7.93,-14.42,georgetown,296.15,7.2
647,0,gw,73,11.28,-15.83,bubaque,298.15,2.1
648,40,cv,73,14.92,-23.51,praia,298.15,5.1
649,75,cv,78,16.18,-22.92,sal rei,297.15,3.6
650,12,mr,82,20.93,-17.03,nouadhibou,293.15,4.6
651,75,pt,72,32.67,-17.1,ponta do sol,292.15,6.7
652,92,ie,100,52.14,-10.27,dingle,284.354,0.95
653,0,is,100,63.44,-20.27,vestmannaeyjar,269.354,2.85
654,90,is,100,64.11,-21.91,kopavogur,273.15,3.1
655,48,is,100,65.08,-22.73,stykkisholmur,268.604,2.65
656,68,sh,100,-15.94,-5.72,jamestown,293.104,6.9
657,0,sn,83,12.48,-16.55,oussouye,297.15,1.0
658,0,sn,54,14.69,-17.44,dakar,300.15,5.1
659,12,sl,92,7.53,-12.51,bonthe,299.254,1.9
660,0,mr,93,18.09,-15.98,nouakchott,298.129,6.6
661,0,es,87,42.78,-9.06,muros,282.15,1.5
662,40,is,92,65.68,-18.09,akureyri,265.15,2.6
663,40,is,92,66.04,-17.34,husavik,265.15,2.6
664,0,za,93,-33.93,18.42,cape town,287.15,1.5
665,75,gn,83,9.54,-13.68,conakry,300.15,3.95
666,75,es,73,27.91,-15.54,santa lucia,294.15,5.1
667,75,es,73,28.15,-15.65,galdar,294.15,5.1
668,0,pt,100,39.36,-9.38,peniche,288.15,1.0
669,88,ie,100,53.8,-9.52,westport,279.229,1.4
670,8,is,100,64.25,-15.21,hofn,274.154,3.9
671,40,lr,94,6.3,-10.8,monrovia,299.15,3.4
672,64,gw,69,12.28,-14.22,gabu,296.179,1.45
673,0,sn,50,13.75,-13.76,tambacounda,299.15,2.1
674,0,sn,23,16.51,-14.65,ndioum,298.15,1.0
675,0,mr,24,20.52,-13.05,atar,291.404,2.9
676,40,es,77,28.5,-13.86,puerto del rosario,293.15,6.2
677,0,za,94,-34.42,19.23,hermanus,283.679,1.3
678,88,lr,100,4.38,-7.72,harper,299.229,3.75
679,40,lr,94,5.88,-10.05,buchanan,299.15,2.65
680,0,gn,60,10.38,-12.09,mamou,296.604,1.25
681,80,ml,41,14.44,-11.43,kayes,298.154,1.75
682,0,pt,100,37.32,-8.8,aljezur,288.504,2.65
683,76,ie,98,51.68,-9.45,bantry,284.379,4.1
684,92,ie,100,54.12,-9.17,ballina,277.629,1.2
685,0,za,82,-33.01,17.94,saldanha,287.15,0.5
686,8,gn,37,9.65,-9.78,tokonou,298.504,3.45
687,12,ml,44,13.81,-10.83,bafoulabe,296.679,2.2
688,0,ma,95,29.58,-9.5,tiznit,281.554,1.2
689,0,pt,71,41.81,-8.85,vila praia de ancora,285.15,3.1
690,92,gb,93,58.21,-6.39,stornoway,276.15,4.1
691,36,lr,94,6.07,-8.13,zwedru,295.904,2.3
692,8,ci,54,8.28,-7.68,touba,295.879,1.85
693,8,ml,36,11.93,-8.42,kangaba,297.229,3.45
694,76,ml,26,13.57,-8.03,kolokani,297.504,3.4
695,12,ml,22,18.9,-3.53,araouane,288.529,2.3
696,0,ml,21,22.68,-3.98,taoudenni,288.129,3.75
697,0,ma,58,31.63,-8.01,marrakesh,288.15,3.1
698,20,ma,93,33.59,-7.62,casablanca,288.15,2.6
699,0,pt,87,37.02,-7.93,faro,287.15,2.1
700,0,es,100,43.67,-7.41,cervo,288.104,6.65
701,90,gb,87,50.12,-5.54,penzance,285.15,6.2
702,75,ie,93,51.95,-7.85,youghal,283.15,0.5
703,92,ie,81,55.13,-7.45,buncrana,281.754,4.8
704,8,fo,100,61.47,-6.81,vagur,279.904,11.95
705,12,fo,64,62.16,-7.17,vestmanna,277.15,7.7
706,8,ci,82,6.13,-5.94,gagnoa,298.279,2.6
707,0,ml,27,12.39,-5.46,koutiala,298.629,5.05
708,56,ml,28,14.25,-5.99,niono,294.979,3.8
709,92,ml,22,14.73,-6.12,sokolo,296.504,4.55
710,20,es,67,36.19,-5.94,barbate,290.15,7.7
711,0,es,78,38.27,-5.68,azuaga,277.529,1.7
712,0,es,89,40.39,-5.76,bejar,277.279,1.3
713,0,es,71,42.3,-5.9,la baneza,272.429,0.6
714,90,fr,100,48.38,-4.62,plouzane,283.15,4.9
715,20,gh,100,4.87,-2.24,axim,300.379,5.1
716,40,ci,83,5.21,-4.41,jacqueville,301.15,2.6
717,24,ci,92,6.11,-3.86,adzope,297.129,3.45
718,36,ci,64,8.37,-4.43,dabakala,300.154,2.3
719,64,bf,44,10.3,-3.25,gaoua,302.179,1.15
720,0,ml,53,14.35,-3.61,bandiagara,295.15,3.8
721,88,ml,33,16.41,-3.67,goundam,295.229,4.85
722,0,dz,35,27.87,-0.29,adrar,287.15,4.1
723,0,es,86,36.76,-3.95,torrox,284.15,3.2
724,0,es,75,41.67,-3.69,aranda de duero,271.504,0.6
725,0,es,100,43.46,-3.8,santander,282.15,0.5
726,75,fr,100,47.73,-3.43,ploemeur,279.15,1.0
727,68,gb,100,50.39,-3.92,ivybridge,282.879,5.8
728,48,gb,84,54.55,-3.58,whitehaven,280.479,6.45
729,75,gb,75,57.97,-3.98,golspie,279.15,6.7
730,8,gb,70,58.97,-3.3,stromness,279.15,8.2
731,0,na,67,-26.65,15.16,luderitz,288.404,6.4
732,64,gh,93,5.97,-1.78,dunkwa,297.104,1.3
733,0,bf,44,12.19,-1.89,kokologo,298.15,2.35
734,8,bf,30,14.1,-1.63,djibo,298.229,4.95
735,0,ma,87,35.17,-2.93,nador,288.15,0.5
736,0,es,85,38.09,-1.8,cehegin,274.979,1.3
737,0,fr,93,43.37,-1.77,hendaye,279.15,1.0
738,90,fr,100,46.84,-1.87,challans,280.15,1.5
739,90,fr,100,48.11,-1.67,rennes,281.15,1.0
740,0,gb,74,53.87,-1.91,keighley,280.15,5.7
741,76,gb,81,60.4,-1.35,brae,279.15,8.7
742,90,ga,88,-0.72,8.78,port-gentil,298.15,1.5
743,88,gh,97,8.47,-0.01,kpandae,295.179,2.95
744,68,ml,31,16.27,-0.04,gao,297.304,3.45
745,32,ml,31,18.44,1.41,kidal,291.504,3.2
746,0,ml,25,20.2,1.01,tessalit,289.679,3.0
747,0,es,78,42.04,0.13,barbastro,273.354,1.2
748,75,fr,75,44.39,0.31,tonneins,273.15,1.3
749,90,fr,100,47.97,0.16,allonnes,278.15,1.5
750,90,fr,87,49.76,0.37,fecamp,284.15,9.8
751,75,gb,87,51.8,-0.08,hertford,282.15,4.6
752,0,gb,80,54.08,-0.19,bridlington,277.15,4.1
753,56,gb,80,57.51,-1.8,peterhead,277.15,8.2
754,20,no,86,62.58,6.13,roald,276.15,2.6
755,76,ga,94,-2.65,10.0,gamba,296.604,1.6
756,40,gh,88,5.79,0.9,anloga,301.15,4.6
757,40,bj,83,6.36,2.09,ouidah,301.15,5.7
758,8,bj,76,7.93,1.98,savalou,298.104,3.0
759,0,bj,78,9.71,1.67,djougou,298.15,2.75
760,0,bf,58,12.07,1.79,diapaga,296.929,1.5
761,20,ne,45,14.32,2.09,ouallam,297.029,1.2
762,44,ne,27,14.73,0.92,ayorou,296.854,2.25
763,20,dz,100,36.26,2.75,medea,282.15,1.05
764,20,es,93,39.57,2.51,calvia,282.15,0.5
765,90,fr,87,50.1,1.83,abbeville,282.15,4.6
766,24,gb,86,52.48,1.75,lowestoft,279.15,3.6
767,75,no,70,59.36,5.22,visnes,281.15,12.3
768,12,no,56,61.6,5.03,floro,278.15,3.1
769,0,na,100,-22.96,14.51,walvis bay,289.154,3.45
770,0,ao,100,-15.2,12.15,namibe,294.304,1.6
771,64,ng,83,4.92,6.26,yenagoa,298.554,2.85
772,20,ng,79,5.52,5.75,warri,299.604,4.0
773,8,bj,59,9.94,3.21,nikki,297.754,1.3
774,0,ng,64,12.22,4.38,jega,298.254,1.75
775,20,ne,66,14.89,5.27,tahoua,295.604,1.05
776,40,dz,93,36.39,4.4,tazmalt,284.15,4.6
777,20,es,100,41.92,3.16,palafrugell,280.15,2.35
778,0,fr,58,44.13,4.08,ales,279.15,5.1
779,75,fr,86,46.04,4.05,riorges,276.15,1.0
780,90,fr,81,48.29,4.05,saint-andre-les-vergers,280.15,4.1
781,75,fr,93,50.02,4.05,fourmies,280.15,3.1
782,75,nl,81,52.03,4.17,monster,283.15,3.1
783,80,no,100,67.67,12.69,sorland,278.304,5.55
784,0,ao,83,-8.84,13.23,luanda,297.15,2.1
785,36,ng,85,6.25,6.19,agbor,298.379,3.2
786,56,ng,64,7.79,5.71,ode,298.279,3.95
787,12,ng,61,10.4,5.47,kontagora,298.804,1.6
788,0,ng,39,12.16,6.66,gusau,295.154,2.15
789,20,ne,53,15.45,6.28,abalak,295.379,1.65
790,8,ne,37,18.74,7.39,arlit,295.529,1.2
791,20,dz,81,36.37,6.61,constantine,281.15,1.5
792,0,fr,87,43.1,5.88,la seyne-sur-mer,281.15,2.6
793,90,fr,80,45.9,6.1,cran-gevrier,277.15,1.5
794,75,fr,80,47.63,6.17,vesoul,277.15,2.1
795,90,lu,100,50.05,6.03,clervaux,277.15,6.2
796,90,nl,100,52.01,6.03,rheden,279.15,2.1
797,44,dk,75,56.0,8.13,hvide sande,279.15,8.2
798,75,no,81,58.45,6.0,egersund,279.15,10.3
799,0,no,56,61.91,5.99,nordfjordeid,278.15,3.1
800,0,no,100,63.73,8.83,sistranda,273.15,3.6
801,0,na,48,-18.06,13.84,opuwo,290.029,0.55
802,20,gq,88,3.46,8.55,luba,296.15,1.5
803,32,ng,71,7.74,8.51,makurdi,300.379,5.8
804,0,ng,44,11.79,7.62,malumfashi,294.529,2.45
805,56,ne,29,19.75,10.25,agadez,292.154,3.75
806,40,tn,87,35.86,8.48,manzil salim,281.15,4.1
807,20,it,87,39.17,8.52,carbonia,283.15,1.0
808,40,fr,93,41.92,8.73,ajaccio,283.15,2.1
809,0,it,76,43.88,8.02,imperia,286.15,2.55
810,90,de,80,49.98,7.97,geisenheim,278.15,5.7
811,0,de,93,52.0,8.05,sassenberg,277.15,3.1
812,24,no,75,58.15,8.0,kristiansand,278.15,2.1
813,0,na,94,-28.55,16.43,oranjemund,289.154,7.5
814,8,ao,100,-12.58,13.41,benguela,294.779,2.1
815,20,cg,88,-4.76,11.86,loandjili,298.15,2.1
816,75,gq,100,1.86,9.77,bata,296.15,3.3
817,75,cm,100,3.8,10.13,edea,297.15,0.5
818,92,cm,37,6.02,10.0,mbengwi,297.154,1.85
819,0,ng,55,10.31,9.84,bauchi,294.004,1.7
820,20,ng,36,11.68,10.19,azare,297.229,3.1
821,0,ne,31,13.98,10.27,goure,297.729,4.65
822,0,ne,28,14.97,8.89,tanout,297.504,4.75
823,0,ly,85,31.87,10.98,nalut,279.629,0.35
824,0,tn,82,36.03,10.51,harqalah,287.15,3.6
825,20,it,100,44.08,9.91,lerici,279.15,1.0
826,0,it,78,46.17,9.87,sondrio,278.15,1.5
827,75,de,74,49.98,10.1,werneck,277.15,8.2
828,75,de,80,52.06,10.01,bad salzdetfurth,278.15,4.6
829,48,dk,86,56.06,9.99,stilling,279.15,4.6
830,44,no,88,59.97,9.99,vikersund,268.254,1.6
831,76,no,89,62.13,10.0,folldal,260.104,1.15
832,92,no,100,64.86,11.24,rorvik,273.254,4.9
833,0,za,77,-34.53,20.04,bredasdorp,289.15,1.0
834,76,ga,98,-1.9,11.91,mbigou,292.129,0.9
835,8,cm,47,7.37,12.65,tignere,293.629,2.2
836,0,ng,61,9.47,12.03,numan,297.604,1.25
837,0,ne,31,13.21,12.02,maine-soroa,297.879,4.2
838,0,ne,32,18.69,12.92,bilma,289.804,2.55
839,56,ly,38,26.59,12.78,awbari,281.904,3.1
840,0,ly,79,31.45,12.98,mizdah,280.504,3.4
841,40,it,77,37.8,12.44,marsala,290.15,4.1
842,0,it,76,41.49,12.62,anzio,283.15,4.1
843,0,it,76,41.99,12.09,cerveteri,283.15,1.5
844,0,it,93,44.15,12.14,bertinoro,280.15,1.5
845,90,de,96,50.03,12.02,wunsiedel,276.15,3.6
846,75,de,86,54.11,11.9,bad doberan,277.15,5.7
847,92,dk,86,55.97,12.02,frederiksvaerk,280.15,6.2
848,75,se,80,57.87,11.98,kungalv,278.15,4.1
849,88,no,100,59.98,12.13,skotterud,272.054,1.8
850,92,no,69,65.46,12.2,bronnoysund,274.15,4.6
851,8,no,100,68.12,13.5,gravdal,277.629,7.35
852,0,na,44,-20.37,14.97,khorixas,293.254,1.85
853,24,ao,79,-13.78,14.68,caluquembe,290.854,0.7
854,0,ao,100,-11.21,13.84,sumbe,296.179,2.75
855,12,cd,69,-5.82,13.45,matadi,298.279,3.3
856,88,ga,98,-1.58,14.26,lekoni,293.504,2.05
857,76,cg,91,1.65,14.58,sembe,296.279,0.9
858,56,cm,86,4.43,14.37,batouri,295.804,1.1
859,0,cm,72,8.4,14.17,tchollire,296.154,1.1
860,0,ng,60,11.52,13.69,bama,295.854,1.3
861,0,td,23,14.12,15.31,mao,298.879,5.55
862,32,ly,34,27.04,14.43,sabha,282.004,3.4
863,75,ly,59,32.88,13.19,tripoli,292.15,2.1
864,100,it,100,38.04,14.02,cefalu,282.404,1.4
865,0,it,82,40.63,14.37,sorrento,286.15,1.75
866,0,si,92,46.0,14.03,idrija,281.15,1.0
867,75,at,65,48.0,13.92,vorchdorf,278.15,7.7
868,20,cz,74,49.95,14.03,kraluv dvur,277.15,10.3
869,76,se,100,56.03,14.15,kristianstad,279.15,5.1
870,92,se,100,59.31,14.11,kristinehamn,273.15,3.1
871,80,se,100,63.18,14.64,ostersund,267.15,3.1
872,24,no,100,68.56,14.91,stokmarknes,272.479,3.15
873,0,no,100,69.31,16.12,andenes,273.15,5.1
874,40,sj,58,78.22,15.64,longyearbyen,269.15,8.2
875,0,na,26,-23.32,17.08,rehoboth,289.429,3.55
876,0,na,31,-20.12,16.15,outjo,291.979,3.45
877,0,na,18,-17.92,15.95,ondangwa,294.604,3.7
878,76,ao,99,-9.54,16.34,malanje,291.604,1.4
879,92,ao,99,-8.19,15.38,camabatela,291.179,1.2
880,76,cd,97,-6.47,16.82,kasongo-lunda,294.004,0.85
881,40,cg,83,-4.27,15.28,brazzaville,297.15,1.8
882,68,cg,100,1.61,16.05,ouesso,294.554,0.55
883,0,td,25,13.46,14.71,bol,299.429,5.05
884,0,td,62,9.4,16.3,lai,297.554,3.95
885,0,td,31,11.81,15.86,dourbali,298.379,4.05
886,0,td,25,13.64,16.49,moussoro,299.254,5.65
887,20,ly,77,29.13,15.95,hun,278.304,1.2
888,20,ly,77,29.16,16.14,waddan,278.304,1.2
889,24,ly,100,32.38,15.09,misratah,289.754,5.9
890,20,it,93,36.72,15.09,pachino,283.15,1.0
891,48,it,100,41.88,16.18,vieste,286.804,7.0
892,0,hr,57,44.04,16.2,knin,283.15,3.1
893,0,at,70,47.95,16.11,berndorf,279.15,7.2
894,90,cz,86,50.07,15.99,holice,276.15,6.7
895,90,pl,86,52.12,16.12,wolsztyn,277.15,6.7
896,92,pl,96,54.01,15.99,bialogard,276.929,6.4
897,80,se,100,60.0,15.79,fagersta,273.15,1.5
898,76,se,93,61.35,16.39,bollnas,269.729,2.55
899,0,no,100,67.1,15.39,rognan,273.15,8.7
900,0,za,91,-31.67,18.5,vredendal,284.304,1.5
901,0,na,16,-28.02,18.75,karasburg,290.304,3.6
902,0,na,11,-26.58,18.13,keetmanshoop,290.354,3.75
903,0,na,14,-24.63,17.97,mariental,288.404,2.15
904,0,na,32,-22.45,18.97,gobabis,289.379,3.2
905,0,na,27,-19.57,18.12,grootfontein,289.904,3.15
906,0,na,22,-19.23,17.72,tsumeb,291.254,3.8
907,12,ao,66,-14.66,17.69,menongue,294.229,2.15
908,80,ao,87,-12.02,17.48,camacupa,290.979,1.15
909,12,cd,90,-5.04,18.82,kikwit,293.529,1.25
910,44,cd,100,-1.95,18.27,inongo,295.804,1.05
911,12,cd,100,0.05,18.26,mbandaka,295.779,0.75
912,12,cf,94,3.87,17.99,mbaiki,295.354,0.85
913,44,cf,86,6.51,18.27,bouca,296.779,1.95
914,0,td,36,11.98,18.21,bitkine,295.379,2.5
915,0,td,26,13.22,18.34,ati,298.604,4.5
916,44,ly,100,31.21,16.59,surt,290.404,3.9
917,48,ly,100,32.12,20.07,benghazi,293.679,6.85
918,40,it,72,38.24,16.26,locri,288.15,4.6
919,0,hr,54,42.65,18.09,dubrovnik,286.15,4.1
920,75,sk,86,47.92,17.98,kolarovo,280.15,4.1
921,40,cz,69,49.96,18.04,stepankovice,277.15,6.7
922,92,pl,96,51.9,17.79,pleszew,275.129,7.9
923,75,pl,93,54.12,17.98,koscierzyna,275.15,4.6
924,75,pl,93,54.79,18.4,wladyslawowo,275.15,4.6
925,92,se,75,57.64,18.3,visby,278.15,3.6
926,40,se,100,59.86,17.65,uppsala,275.15,1.0
927,92,se,100,62.63,17.94,harnosand,269.15,5.1
928,92,se,85,63.29,18.72,ornskoldsvik,268.15,4.6
929,40,no,85,69.65,18.96,tromso,268.15,1.5
930,0,na,13,-24.13,19.12,aranos,289.279,3.05
931,0,na,22,-17.93,19.77,rundu,292.029,3.55
932,64,ao,92,-11.78,19.92,luena,290.229,1.15
933,56,ao,96,-9.66,20.39,saurimo,291.804,1.15
934,64,cd,99,-6.42,20.8,tshikapa,294.304,0.95
935,44,cd,87,-0.22,20.87,boende,297.129,1.35
936,56,cd,91,4.18,19.9,bosobolo,295.604,1.6
937,80,cf,87,8.41,20.65,ndele,295.654,1.05
938,12,td,42,11.03,20.28,am timan,301.379,3.05
939,0,td,26,14.53,20.92,biltine,296.179,3.9
940,0,ly,70,29.11,21.29,awjilah,283.104,1.4
941,0,ly,90,30.76,20.23,ajdabiya,285.979,3.4
942,56,gr,93,36.82,21.7,methoni,284.15,0.5
943,68,gr,100,38.2,20.43,lixourion,289.354,11.2
944,68,al,100,42.06,20.02,fushe-arrez,277.654,1.2
945,75,pl,90,49.99,20.06,wieliczka,277.15,5.7
946,75,pl,87,52.11,19.95,lowicz,277.15,6.2
947,92,lv,93,56.89,21.19,pavilosta,278.15,4.1
948,90,se,92,63.83,20.26,umea,268.15,5.1
949,90,se,92,64.75,20.95,skelleftea,266.15,3.1
950,80,se,92,67.86,20.23,kiruna,267.15,2.1
951,40,no,85,69.58,20.22,lyngseidet,269.15,1.5
952,75,no,73,70.03,20.97,skjervoy,269.15,5.7
953,0,za,93,-33.96,22.46,george,286.15,2.6
954,0,za,24,-30.97,22.13,carnarvon,282.929,2.6
955,0,za,37,-29.66,22.75,prieska,285.004,1.45
956,0,za,14,-28.45,21.26,upington,292.15,2.05
957,0,bw,18,-21.53,21.93,dekar,290.979,4.05
958,0,bw,26,-19.67,22.27,nokaneng,291.054,3.2
959,0,bw,21,-18.37,21.85,shakawe,292.104,3.5
960,56,zm,69,-14.97,22.68,kalabo,294.779,1.55
961,92,ao,93,-11.55,20.78,lumeje,291.229,1.2
962,80,ao,85,-10.71,22.22,luau,293.229,1.15
963,8,cd,95,-5.9,22.42,kananga,294.504,1.4
964,56,cd,96,-4.85,21.57,mweka,295.479,0.85
965,44,cd,95,-3.48,23.43,lodja,294.929,0.95
966,68,cd,98,2.18,22.47,bumba,296.379,1.05
967,48,cf,94,4.62,21.89,kembe,295.354,1.55
968,36,cf,98,6.54,21.99,bria,293.279,1.95
969,8,cf,85,8.08,22.4,ouadda,294.404,1.2
970,92,cf,43,10.28,22.79,birao,301.654,2.5
971,76,td,40,13.47,22.2,adre,298.904,2.55
972,36,ly,100,32.77,22.64,darnah,290.929,5.2
973,90,mk,81,41.87,21.95,sveti nikole,281.15,3.1
974,88,hu,97,47.96,21.99,levelek,277.479,3.45
975,24,pl,93,50.04,22.0,rzeszow,275.15,2.1
976,80,pl,93,52.17,22.29,siedlce,274.129,5.4
977,92,pl,100,54.04,21.76,gizycko,275.679,9.15
978,92,fi,93,61.59,21.87,noormarkku,276.15,1.5
979,88,no,84,69.01,23.04,kautokeino,266.929,1.75
980,75,no,85,70.24,22.35,oksfjord,270.15,2.6
981,0,za,100,-34.05,23.37,plettenberg bay,289.179,2.1
982,0,za,48,-32.25,24.53,graaff-reinet,283.679,1.15
983,0,za,22,-30.65,24.01,de aar,282.904,2.15
984,0,bw,30,-25.27,23.28,werda,287.729,2.85
985,0,bw,40,-23.98,23.9,dutlwe,287.479,2.1
986,44,zm,51,-16.12,23.27,senanga,296.029,3.45
987,64,zm,85,-13.59,24.2,kabompo,292.604,1.4
988,92,zm,91,-11.74,24.43,mwinilunga,291.304,1.0
989,56,cd,79,-8.74,24.99,kamina,294.604,1.35
990,24,cd,97,-7.57,24.18,kaniama,293.004,1.05
991,20,cd,93,-6.15,23.6,mbuji-mayi,294.604,2.05
992,0,cd,98,0.81,24.43,yangambi,295.479,1.5
993,24,cf,99,4.95,23.92,rafai,293.754,0.75
994,12,sd,33,14.2,24.67,kutum,293.804,3.75
995,20,ly,100,31.76,25.09,bardiyah,290.729,3.9
996,40,gr,93,37.75,23.53,ayia marina,285.15,1.5
997,20,gr,100,38.02,24.01,rafina,285.15,0.5
998,80,bg,100,42.03,24.0,velingrad,282.15,1.5
999,90,ro,100,44.02,24.02,marsani,280.15,2.1
1000,92,ro,100,47.97,24.0,bocicoiu mare,275.304,1.15
1001,56,lt,91,54.02,23.97,druskininkai,273.604,6.75
1002,90,lt,91,56.09,23.97,linkuva,276.15,7.2
1003,75,fi,93,60.25,24.07,lohja,278.15,8.2
1004,36,fi,74,64.08,24.67,ylivieska,264.804,1.1
1005,8,no,100,71.0,24.66,havoysund,270.15,1.0
1006,0,za,95,-34.0,24.73,kruisfontein,287.104,2.2
1007,0,za,49,-29.12,26.21,bloemfontein,285.15,1.0
1008,0,za,80,-27.83,25.91,hoopstad,286.404,1.25
1009,0,za,54,-26.15,26.16,lichtenburg,282.929,1.3
1010,0,bw,38,-20.22,26.18,nata,288.854,1.6
1011,20,zw,68,-17.92,25.84,victoria falls,293.554,2.3
1012,64,zm,71,-15.75,26.44,namwala,294.479,2.5
1013,56,zm,93,-12.17,26.39,solwezi,291.479,2.5
1014,24,cd,89,-5.37,25.75,lubao,295.104,1.2
1015,80,cd,93,-3.6,26.67,kampene,295.029,0.95
1016,68,cd,98,-2.95,25.95,kindu,294.379,1.3
1017,0,cd,98,2.79,24.73,buta,294.804,0.95
1018,20,cf,96,5.03,25.14,zemio,293.604,0.95
1019,24,cf,94,5.4,26.49,obo,293.779,1.4
1020,0,sd,37,13.6,26.69,umm kaddadah,293.029,2.2
1021,0,sd,44,18.48,31.82,marawi,296.304,4.05
1022,0,eg,72,27.18,31.18,asyut,288.15,6.2
1023,0,eg,82,31.35,27.25,marsa matruh,286.15,3.1
1024,75,tr,100,40.15,26.41,canakkale,286.15,1.5
1025,88,ro,96,45.95,26.03,cernat,276.379,1.05
1026,90,ro,100,47.97,26.0,musenita,277.15,1.4
1027,92,ua,100,49.86,26.09,lanivtsi,273.979,2.3
1028,92,by,100,52.12,26.1,pinsk,274.479,2.95
1029,80,by,93,53.6,25.83,navahrudak,273.629,4.2
1030,76,lv,93,56.01,25.91,subate,272.979,6.95
1031,76,ee,96,58.0,25.93,torva,276.15,5.7
1032,90,fi,93,60.45,26.23,loviisa,277.15,4.1
1033,80,fi,100,64.75,26.17,muhos,271.15,3.1
1034,0,fi,92,66.5,25.72,rovaniemi,259.15,4.6
1035,12,no,92,69.47,25.51,karasjok,267.15,1.0
1036,0,za,98,-33.59,26.89,port alfred,288.379,2.0
1037,0,za,74,-32.33,28.15,butterworth,283.654,0.75
1038,0,ls,73,-30.4,27.7,quthing,276.004,0.85
1039,8,za,43,-28.23,28.31,bethlehem,280.254,1.2
1040,32,za,48,-25.96,28.14,midrand,292.15,1.0
1041,0,za,27,-23.66,27.74,ellisras,294.154,4.3
1042,80,zw,52,-20.15,28.58,bulawayo,294.904,4.55
1043,48,zm,78,-17.26,27.46,sinazongwe,297.279,2.3
1044,8,zm,86,-13.51,28.16,mpongwe,292.629,3.8
1045,92,zm,40,-10.38,28.7,mwense,298.504,1.5
1046,12,cd,84,-7.3,27.42,manono,295.354,2.2
1047,8,cd,100,-3.41,29.15,uvira,288.154,1.55
1048,44,cd,97,0.15,29.28,butembo,289.179,0.85
1049,20,cd,97,2.15,27.99,wamba,292.679,0.5
1050,48,eg,87,28.42,30.78,matay,286.129,1.25
1051,88,gr,63,35.51,27.21,karpathos,292.15,4.1
1052,40,gr,100,36.09,28.02,lardos,288.15,5.6
1053,75,tr,93,39.91,28.16,susurluk,283.15,2.1
1054,92,ro,93,46.23,24.57,dumbraveni,280.15,1.4
1055,80,ro,98,46.01,28.02,suceveni,276.779,1.3
1056,92,ua,99,50.05,28.12,chudniv,274.854,2.15
1057,88,by,97,52.8,28.0,lyuban,274.254,3.15
1058,64,lv,93,56.39,28.12,zilupe,273.379,6.15
1059,92,ru,80,58.16,28.19,seredka,277.15,4.0
1060,90,fi,93,62.33,27.87,varkaus,277.15,3.1
1061,24,no,76,71.04,27.85,mehamn,266.004,1.95
1062,8,za,67,-29.87,30.27,richmond,287.279,0.75
1063,8,za,35,-26.3,29.99,breyten,283.004,1.9
1064,8,za,81,-23.83,30.16,tzaneen,285.629,0.95
1065,20,zw,97,-19.67,30.01,shurugwi,287.854,2.05
1066,0,zm,67,-15.62,30.42,luangwa,298.379,6.45
1067,0,zm,77,-8.47,29.66,kaputa,290.404,0.8
1068,12,cd,88,-5.95,29.19,kalemie,298.904,1.55
1069,8,rw,93,-1.95,30.06,kigali,285.129,1.15
1070,36,ug,100,0.2,30.0,kilembe,290.979,0.75
1071,0,sd,66,12.35,29.25,abu zabad,295.029,4.05
1072,0,eg,47,24.09,32.91,aswan,297.15,3.1
1073,20,eg,64,31.4,30.42,rosetta,293.15,2.6
1074,0,tr,86,36.37,30.29,kumluca,272.104,0.6
1075,0,tr,70,38.06,30.17,dinar,280.15,4.1
1076,90,ro,93,44.65,26.83,sfantu gheorghe,281.15,2.6
1077,92,ua,93,48.21,30.02,zavallya,275.529,2.6
1078,88,ua,99,51.7,30.66,lyubech,274.379,1.95
1079,76,by,99,54.52,30.41,orsha,273.554,3.3
1080,75,ru,93,60.02,30.02,lisiy nos,275.15,3.0
1081,80,fi,89,63.32,30.02,lieksa,271.754,1.15
1082,0,fi,85,65.97,29.18,kuusamo,262.15,0.5
1083,48,ru,93,67.57,30.48,kovdor,263.279,1.3
1084,90,no,100,70.07,29.75,vadso,264.15,2.6
1085,0,za,87,-30.86,30.37,margate,292.729,1.25
1086,0,sz,100,-26.03,31.85,mhlume,290.15,4.6
1087,12,zw,76,-21.05,31.67,chiredzi,295.104,3.85
1088,12,zw,89,-20.19,32.62,chipinge,292.979,1.65
1089,88,zw,76,-16.77,31.58,mount darwin,293.654,4.95
1090,44,zm,56,-11.83,31.45,mpika,295.479,4.9
1091,32,zm,31,-10.54,32.08,chinsali,299.679,5.75
1092,20,tz,56,-7.97,31.62,sumbawanga,294.15,3.6
1093,64,tz,31,-6.72,32.07,inyonga,297.354,3.05
1094,0,tz,57,-3.63,32.18,masumbwe,293.604,2.95
1095,80,ug,88,3.66,31.72,moyo,293.779,1.3
1096,0,sd,51,12.35,32.18,marabba,296.929,4.55
1097,0,eg,86,29.97,32.53,suez,285.279,1.2
1098,12,tr,76,40.8,32.2,gerede,272.154,1.15
1099,12,tr,95,41.25,31.83,zonguldak,282.379,0.6
1100,44,ua,100,45.16,33.28,zaozerne,285.279,2.0
1101,92,ua,100,46.25,32.29,bekhtery,279.754,2.2
1102,92,ua,96,48.25,32.21,kompaniyivka,274.504,2.15
1103,88,ru,98,54.19,32.16,khislavichi,273.354,2.65
1104,80,ru,90,56.26,32.07,zapadnaya dvina,273.004,4.85
1105,88,ru,92,57.97,31.65,parfino,275.179,5.2
1106,64,ru,91,60.1,32.3,novaya ladoga,276.279,4.0
1107,92,ru,97,62.08,32.35,suoyarvi,276.129,4.3
1108,56,ru,81,66.84,32.36,zelenoborskiy,265.229,1.85
1109,90,ru,92,68.61,31.8,verkhnetulomskiy,267.15,0.95
1110,88,no,100,70.37,31.11,vardo,276.404,5.0
1111,0,za,74,-28.78,32.04,richards bay,293.104,3.4
1112,0,mz,96,-25.05,33.64,xai-xai,296.304,6.55
1113,100,mz,85,-19.61,34.74,dondo,296.404,3.0
1114,75,mz,100,-19.12,33.48,chimoio,291.15,1.0
1115,92,mz,89,-16.16,33.59,tete,295.129,5.2
1116,32,mw,82,-13.97,33.79,lilongwe,292.929,4.0
1117,68,mw,100,-9.93,33.93,karonga,297.929,3.95
1118,8,tz,54,-8.12,34.25,dunda,296.604,5.0
1119,32,tz,42,-5.95,34.13,mgandu,297.879,6.35
1120,20,tz,83,-1.9,34.02,nyamuswa,295.15,3.65
1121,24,ug,70,1.89,33.97,katakwi,292.904,3.55
1122,20,ug,60,3.48,34.15,kaabong,291.179,2.05
1123,0,et,80,8.25,34.58,gambela,288.979,1.3
1124,12,et,75,10.07,34.53,asosa,291.004,1.65
1125,0,sd,39,15.16,33.14,wad rawah,295.104,1.7
1126,20,il,88,31.67,34.57,ashqelon,293.15,2.6
1127,68,tr,69,36.38,33.93,silifke,288.679,3.45
1128,0,tr,80,38.37,34.03,aksaray,275.15,2.6
1129,44,tr,84,40.17,34.37,sungurlu,276.154,0.95
1130,92,ua,97,52.04,33.95,druzhba,273.879,4.8
1131,88,ru,97,55.83,34.27,sychevka,273.029,2.85
1132,92,ru,95,59.47,33.85,boksitogorsk,275.554,3.7
1133,88,ru,92,56.85,41.39,shuya,272.854,4.5
1134,56,ru,92,63.87,34.32,nadvoitsy,271.854,1.4
1135,64,ru,100,66.69,34.34,umba,268.254,4.85
1136,90,ru,92,69.2,33.45,polyarnyy,267.15,1.3
1137,0,mz,94,-23.86,35.38,inhambane,294.804,4.75
1138,75,mz,88,-17.88,36.89,quelimane,298.15,2.6
1139,68,mw,88,-15.81,35.65,phalombe,294.304,1.8
1140,8,tz,100,-11.3,35.03,tingi,299.754,3.35
1141,20,tz,60,-7.68,36.04,ilula,294.15,1.5
1142,8,ke,92,-1.9,36.29,magadi,288.779,1.3
1143,8,ug,85,1.95,34.95,amudat,288.504,2.05
1144,24,et,59,5.78,36.57,bako,292.129,0.35
1145,8,et,55,11.59,37.39,bahir dar,287.479,1.45
1146,8,sd,36,13.52,35.77,doka,297.129,2.85
1147,0,sd,45,16.15,36.2,wagar,294.229,1.45
1148,20,sd,83,19.11,37.33,sawakin,300.15,2.6
1149,68,sa,95,25.02,37.27,umm lajj,297.004,2.35
1150,0,sa,35,28.38,36.58,tabuk,296.15,2.1
1151,0,tr,39,38.02,36.5,goksun,290.15,4.1
1152,24,ua,100,44.97,35.37,ordzhonikidze,281.754,1.1
1153,32,ua,93,47.81,38.02,novyy svit,273.804,3.0
1154,75,ua,91,47.98,35.91,novomykolayivka,274.15,2.2
1155,75,ua,100,50.02,35.98,peresichna,274.15,4.0
1156,80,ru,93,52.09,35.86,fatezh,273.754,4.0
1157,88,ru,96,56.03,35.97,volokolamsk,272.929,3.8
1158,92,ru,100,61.01,36.45,vytegra,274.929,6.9
1159,12,mz,63,-13.13,39.0,montepuez,297.554,3.95
1160,8,tz,62,-11.37,38.42,masuguru,301.054,5.1
1161,48,tz,51,-9.77,37.93,liwale,300.854,3.55
1162,8,tz,83,-6.45,38.33,lugoba,297.154,1.0
1163,44,tz,90,-4.13,37.95,kisiwani,292.779,1.2
1164,56,ke,89,0.23,37.94,maua,289.529,1.1
1165,0,ke,52,2.33,37.99,marsabit,296.179,3.15
1166,0,et,54,4.05,38.3,mega,286.779,3.1
1167,0,et,80,8.12,38.37,butajira,274.929,1.1
1168,0,et,74,10.17,38.13,dejen,280.879,0.35
1169,0,et,71,14.12,38.72,aksum,282.179,1.15
1170,0,er,71,15.11,37.59,barentu,289.629,1.2
1171,0,sa,36,31.67,38.66,turayf,290.15,7.2
1172,0,sy,30,33.97,36.66,yabrud,287.15,4.1
1173,0,sy,41,36.53,37.95,manbij,288.15,2.1
1174,0,tr,86,38.5,38.0,malatya,278.15,2.1
1175,36,tr,66,40.16,38.09,susehri,277.279,2.05
1176,68,tr,43,40.91,37.68,ordu,287.354,2.7
1177,56,ru,81,44.5,38.14,divnomorskoye,283.629,2.05
1178,36,ru,100,46.05,38.17,primorsko-akhtarsk,278.804,1.7
1179,48,ru,87,50.08,38.04,urazovo,270.979,2.8
1180,92,ru,98,53.56,38.0,volovo,273.404,4.35
1181,90,ru,94,55.96,38.05,fryazino,275.15,4.0
1182,80,ru,92,57.9,38.07,novyy nekouz,272.754,6.15
1183,92,ru,99,61.51,38.95,kargopol,274.604,6.75
1184,88,ru,83,63.91,38.14,onega,274.104,3.65
1185,80,ru,90,68.05,39.51,ostrovnoy,268.729,2.75
1186,36,mg,73,-25.17,45.05,beloha,292.379,2.8
1187,20,mz,83,-12.97,40.52,pemba,300.15,3.6
1188,20,tz,94,-10.0,39.72,lindi,298.15,1.1
1189,75,ke,88,-4.05,39.66,mombasa,300.15,2.45
1190,32,ke,89,-2.39,40.44,witu,297.504,2.25
1191,80,ke,97,-0.45,39.64,garissa,294.979,1.4
1192,24,ke,55,1.75,40.06,wajir,296.354,2.3
1193,0,et,76,7.02,39.98,goba,276.779,0.95
1194,0,et,82,12.51,39.52,korem,277.929,1.05
1195,40,sa,78,21.43,39.83,mecca,300.15,0.05
1196,76,tr,41,37.24,39.76,viransehir,283.179,3.85
1197,20,tr,67,40.26,40.23,bayburt,267.129,1.35
1198,32,ru,74,44.3,40.19,kamennomostskiy,276.354,1.0
1199,32,ru,94,48.04,40.05,almaznyy,275.429,4.0
1200,88,ru,94,49.97,39.69,mitrofanovka,272.929,3.05
1201,88,ru,98,53.92,40.01,korablino,273.854,4.4
1202,92,ru,94,55.99,40.01,sobinka,273.404,4.25
1203,80,ru,91,58.19,40.17,danilov,272.179,5.45
1204,92,ru,97,62.22,40.25,shalakusha,275.279,4.2
1205,90,ru,100,64.56,39.83,severodvinsk,274.15,4.0
1206,8,mg,79,-20.28,44.28,morondava,300.804,2.2
1207,48,km,100,-11.7,43.26,moroni,299.929,3.1
1208,20,tz,94,-10.4,40.33,madimba,298.15,2.8
1209,0,ke,43,3.94,41.87,mandera,294.304,2.85
1210,0,et,71,7.13,40.7,ginir,280.804,0.7
1211,0,et,80,9.31,42.13,harer,280.029,0.5
1212,0,et,80,9.59,41.87,dire dawa,280.029,0.5
1213,0,er,51,13.93,41.69,edd,293.379,2.75
1214,0,sa,69,16.89,42.55,jizan,300.15,3.1
1215,0,sa,71,18.22,42.51,abha,285.15,1.15
1216,20,sa,37,26.33,43.98,buraydah,293.15,2.5
1217,32,iq,84,33.64,42.83,hit,285.054,1.3
1218,68,iq,87,34.48,41.91,rawah,285.604,3.0
1219,24,iq,54,36.32,41.88,sinjar,280.779,2.8
1220,0,tr,65,40.05,42.17,horasan,266.029,1.15
1221,20,ru,75,43.97,42.04,dzheguta,269.979,1.3
1222,8,ru,92,46.09,41.93,gorodovikovsk,277.729,5.0
1223,88,ru,97,47.65,42.1,tsimlyansk,278.804,4.45
1224,80,ru,95,50.29,42.18,alekseyevskaya,273.254,4.0
1225,56,ru,92,52.13,42.03,rzhaksa,272.029,4.3
1226,88,ru,95,56.14,41.99,nikologory,273.654,4.9
1227,80,ru,91,57.81,42.24,ostrovskoye,272.554,5.2
1228,88,ru,91,60.75,42.05,verkhovazhye,273.679,6.55
1229,92,ru,95,62.11,42.9,shenkursk,275.654,4.9
1230,90,ru,83,64.3,41.92,lukovetskiy,274.15,4.0
1231,88,mg,58,-23.72,44.38,betioky,293.654,6.15
1232,12,mg,95,-19.52,45.47,miandrivazo,292.804,1.2
1233,40,mg,83,-15.72,46.32,mahajanga,300.15,3.1
1234,48,yt,88,-12.9,45.08,boueni,298.15,1.2
1235,44,km,100,-12.28,43.74,fomboni,299.904,3.85
1236,0,so,45,4.12,43.89,xuddur,291.904,2.9
1237,88,so,90,9.56,44.06,hargeysa,286.129,2.55
1238,0,ye,79,13.92,44.15,jiblah,275.929,0.8
1239,0,ye,56,15.17,44.32,sayyan,272.179,1.45
1240,0,sa,37,17.49,44.13,najran,286.15,1.15
1241,0,sa,39,24.69,46.72,riyadh,291.15,1.5
1242,56,iq,51,33.34,44.4,baghdad,288.15,1.5
1243,44,iq,83,34.02,44.15,balad,282.479,1.3
1244,0,tr,65,37.58,44.17,hakkari,264.979,0.9
1245,0,am,86,40.04,44.02,janfida,276.15,1.5
1246,36,ru,91,44.78,41.17,sovetskaya,276.279,2.6
1247,92,ru,93,46.27,44.22,arshan,278.15,6.0
1248,80,ru,95,50.36,44.12,danilovka,273.279,4.3
1249,80,ru,99,54.04,43.91,kovylkino,273.754,4.5
1250,92,ru,92,60.41,44.24,nyuksenitsa,274.254,6.8
1251,92,ru,79,64.0,44.45,karpogory,273.979,3.6
1252,64,mg,91,-25.17,46.08,ambovombe,293.379,3.2
1253,76,mg,98,-22.4,46.12,ihosy,291.154,2.05
1254,0,so,100,2.04,45.34,mogadishu,300.879,7.75
1255,0,so,80,5.35,48.53,hobyo,298.904,7.75
1256,0,so,87,10.44,45.01,berbera,289.104,1.65
1257,0,ir,42,33.12,46.16,mehran,281.15,3.1
1258,0,ru,79,42.13,46.13,bezhta,268.154,0.5
1259,0,ru,100,43.98,46.7,komsomolskiy,281.854,3.0
1260,80,ru,89,48.06,46.11,chernyy yar,275.979,6.5
1261,90,ru,93,52.13,46.07,novyye burasy,273.15,3.0
1262,76,ru,90,57.86,45.78,vetluga,272.729,2.8
1263,88,ru,89,59.98,45.79,kichmengskiy gorodok,274.354,4.55
1264,92,mg,100,-22.13,48.02,manakara,296.679,3.8
1265,76,mg,96,-20.05,48.12,marolambo,290.254,1.15
1266,75,mg,93,-18.4,47.87,anjozorobe,290.15,1.5
1267,92,mg,95,-16.78,47.65,tsaratanana,293.354,1.65
1268,80,mg,98,-13.68,48.45,ambanja,293.529,1.2
1269,0,kw,72,29.3,48.05,bayan,290.15,3.85
1270,0,ir,76,30.34,48.3,abadan,288.15,1.4
1271,24,ir,78,32.19,48.24,shush,283.804,1.75
1272,8,ir,64,35.87,47.61,bijar,269.229,0.7
1273,20,ir,92,38.25,48.29,ardabil,272.15,2.1
1274,0,ru,75,41.95,47.95,khuchni,273.904,0.85
1275,0,ru,86,46.11,48.07,kamyzyak,277.15,4.0
1276,0,ru,62,50.1,128.05,tambovka,248.15,2.0
1277,56,ru,91,50.46,48.14,novouzensk,271.654,3.85
1278,56,ru,97,52.03,47.8,balakovo,274.179,4.2
1279,90,ru,94,55.97,48.02,zvenigovo,274.15,4.0
1280,88,ru,92,57.61,47.94,tuzha,273.304,4.2
1281,75,ru,80,55.76,38.1,zarya,275.15,3.0
1282,92,ru,80,63.37,47.92,blagoyevo,273.804,3.55
1283,20,mg,100,-19.9,48.8,mahanoro,293.604,0.9
1284,0,mg,100,-14.27,50.17,sambava,299.554,5.2
1285,40,sc,88,-4.62,55.45,victoria,298.15,1.5
1286,8,so,92,7.98,49.82,eyl,298.129,8.7
1287,32,so,100,9.49,50.81,bandarbeyla,299.904,9.5
1288,88,so,100,11.47,49.87,qandala,293.054,2.1
1289,0,om,65,17.02,54.09,salalah,299.15,2.1
1290,8,ir,100,34.09,49.69,arak,270.129,1.15
1291,0,ir,52,36.28,50.0,qazvin,278.15,2.1
1292,36,ir,100,37.26,49.94,astaneh-ye ashrafiyeh,286.15,2.1
1293,92,kz,100,44.51,50.26,fort-shevchenko,280.104,9.6
1294,80,ru,95,51.87,50.37,perelyub,273.754,3.95
1295,48,ru,93,56.09,49.88,arsk,271.979,3.7
1296,80,ru,91,58.11,49.92,kumeny,272.554,5.15
1297,80,ru,87,62.35,50.08,mikun,272.629,4.75
1298,68,ru,87,65.44,52.15,ust-tsilma,272.179,2.8
1299,88,ru,90,67.67,53.09,naryan-mar,267.929,6.6
1300,40,re,83,-21.15,55.28,saint-leu,297.15,1.0
1301,0,qa,64,25.29,51.53,doha,297.15,2.1
1302,56,ir,69,29.62,51.65,kazerun,281.904,1.4
1303,0,ir,85,32.03,51.88,shahreza,266.379,1.05
1304,0,ir,39,35.72,52.06,damavand,282.15,0.95
1305,0,ir,93,36.69,52.52,fereydun kenar,284.15,2.1
1306,100,kz,89,43.2,51.65,kuryk,280.804,9.5
1307,88,kz,69,44.17,52.12,shetpe,274.879,6.3
1308,92,ru,90,52.51,52.07,kurmanayevka,274.504,4.3
1309,92,ru,92,54.12,52.14,kamyshla,273.604,3.7
1310,90,ru,94,56.05,51.97,grakhovo,273.15,6.0
1311,88,ru,87,57.89,52.24,yukamenskoye,273.179,4.05
1312,64,ru,90,57.62,63.08,lesnoy,269.029,4.0
1313,75,ru,83,61.81,51.58,kortkeros,274.15,3.0
1314,48,ru,88,62.86,51.89,sindor,273.279,4.05
1315,0,ae,57,24.47,54.37,abu dhabi,297.15,1.5
1316,0,ir,53,26.56,54.88,bandar-e lengeh,295.15,2.1
1317,0,ir,41,28.94,53.65,fasa,278.15,1.95
1318,0,ir,24,32.25,54.02,meybod,281.15,2.1
1319,0,ir,79,36.17,54.35,damghan,275.404,0.3
1320,0,tm,82,39.51,54.37,balkanabat,278.429,2.35
1321,20,kz,70,43.3,52.8,zhanaozen,275.479,6.8
1322,88,kz,94,51.09,54.08,chingirlau,272.404,2.85
1323,36,ru,86,60.31,54.32,gayny,271.904,4.65
1324,76,ru,80,61.69,53.69,ust-kulom,273.779,4.15
1325,92,ru,91,63.6,53.88,sosnogorsk,272.479,2.4
1326,40,mu,88,-20.02,57.58,grand baie,297.15,2.1
1327,40,mu,88,-19.98,57.61,cap malheureux,297.15,2.1
1328,0,om,68,22.93,57.53,nizwa,286.479,1.2
1329,0,ir,42,26.96,56.27,qeshm,291.15,2.1
1330,0,ir,65,30.41,55.99,rafsanjan,270.104,0.9
1331,0,ir,70,33.6,56.92,tabas,274.029,1.25
1332,0,kz,88,45.32,55.2,beyneu,268.554,3.6
1333,36,kz,72,49.14,56.49,shubarkuduk,265.354,1.3
1334,90,ru,80,52.15,56.18,matveyevka,274.15,3.0
1335,90,ru,80,54.02,55.88,tolbazy,274.15,4.0
1336,88,ru,93,56.0,55.92,starobaltachevo,272.779,4.5
1337,75,ru,86,57.98,56.11,kondratovo,274.15,4.0
1338,88,ru,87,59.95,56.29,kerchevskiy,272.679,4.9
1339,88,ru,93,62.71,56.2,troitsko-pechorsk,271.754,2.6
1340,88,ru,89,63.64,54.86,nizhniy odes,272.379,2.35
1341,80,ru,85,65.17,57.09,puteyets,269.754,4.25
1342,0,om,83,22.69,58.53,ibra,282.429,1.05
1343,0,ir,60,29.11,58.36,bam,273.254,2.2
1344,0,ir,67,31.27,56.81,ravar,271.154,1.75
1345,0,ir,73,36.21,57.68,sabzevar,270.654,1.75
1346,20,tm,70,38.05,58.21,buzmeyin,280.15,1.5
1347,44,tm,90,38.44,57.43,baherden,277.054,2.2
1348,0,tm,80,42.06,59.38,akdepe,273.15,4.1
1349,76,kz,87,50.25,58.43,khromtau,269.804,4.3
1350,75,ru,74,53.92,58.37,lomovka,272.15,5.0
1351,88,ru,89,60.73,56.72,nyrob,271.804,4.95
1352,0,ir,20,27.2,60.68,iranshahr,286.15,3.1
1353,0,ir,25,31.03,61.5,zabol,283.15,5.1
1354,0,ir,23,32.87,59.22,birjand,271.15,2.1
1355,0,ir,80,34.74,60.78,taybad,270.779,1.8
1356,0,ir,69,36.3,59.61,mashhad,276.15,1.1
1357,0,uz,74,41.32,61.07,hazorasp,272.15,3.1
1358,8,ru,87,54.38,60.0,uyskoye,267.379,3.3
1359,80,ru,82,55.92,59.98,nizhniy ufaley,271.304,4.55
1360,88,ru,83,57.92,59.97,nizhniy tagil,271.979,4.25
1361,0,ru,86,59.94,60.08,volchansk,267.679,2.8
1362,8,ru,79,60.87,60.42,polunochnoye,266.379,2.9
1363,56,ru,78,66.03,60.17,inta,261.354,1.3
1364,80,mv,100,5.67,73.0,ugoofaaru,301.154,0.7
1365,0,in,100,10.57,72.64,kavaratti,301.479,1.2
1366,0,pk,72,25.05,61.74,jiwani,290.304,4.6
1367,0,pk,79,25.12,62.33,gwadar,293.179,6.65
1368,0,ir,61,28.22,61.22,khash,269.129,1.25
1369,0,af,82,32.37,62.12,farah,275.354,1.15
1370,0,af,71,34.35,62.2,herat,270.879,2.4
1371,0,ir,72,36.54,61.16,sarakhs,273.929,1.2
1372,0,tm,85,39.48,62.91,seydi,276.029,5.0
1373,75,ru,93,54.67,20.13,svetlyy,276.15,6.0
1374,44,kz,93,52.54,62.49,lisakovsk,270.129,5.5
1375,12,ru,86,56.4,61.88,martyush,268.554,4.65
1376,80,ru,94,59.43,62.35,gari,269.029,2.75
1377,88,ru,89,61.92,63.02,agirish,266.179,2.5
1378,92,mv,100,0.53,72.93,thinadhoo,301.679,3.5
1379,76,mv,100,2.67,72.89,kudahuvadhoo,301.504,2.4
1380,0,in,73,21.64,69.61,porbandar,295.104,6.7
1381,0,pk,85,25.21,64.64,ormara,294.104,5.45
1382,0,pk,83,28.89,64.41,dalbandin,277.229,2.45
1383,0,uz,71,40.13,63.45,gazli,273.854,6.2
1384,44,kz,88,53.8,64.15,borovskoy,268.779,5.1
1385,88,ru,90,60.12,64.78,uray,268.554,2.75
1386,68,ru,86,63.19,64.42,igrim,264.729,2.2
1387,76,ru,85,65.37,64.67,muzhi,263.254,3.2
1388,75,ru,100,50.68,36.55,severnyy,274.15,3.0
1389,80,mv,100,-0.6,73.08,hithadhoo,301.404,4.8
1390,0,in,74,20.9,70.37,veraval,296.379,7.7
1391,0,in,100,22.24,68.97,dwarka,296.554,8.35
1392,0,pk,100,24.14,67.45,keti bandar,295.029,7.5
1393,0,pk,68,26.23,66.31,bela,278.754,2.05
1394,0,pk,81,28.49,66.26,surab,272.229,1.85
1395,8,af,72,34.39,67.02,panjab,251.879,0.95
1396,0,af,80,36.22,65.93,sar-e pul,267.554,1.7
1397,0,af,73,37.42,66.04,qarqin,273.879,1.4
1398,20,uz,74,40.56,65.69,nurota,276.15,1.0
1399,0,kz,71,44.17,66.75,shieli,264.804,1.25
1400,0,kz,83,51.1,66.32,derzhavinsk,266.404,4.25
1401,76,ru,95,54.79,65.99,polovinnoye,268.404,4.55
1402,88,ru,94,56.31,66.27,uporovo,269.154,3.95
1403,68,ru,87,58.35,45.5,lugovoy,272.754,3.0
1404,0,ru,78,43.06,44.74,oktyabrskoye,272.129,1.0
1405,88,ru,91,66.66,66.42,labytnangi,264.029,1.75
1406,48,mv,100,6.88,73.1,dhidhdhoo,300.354,0.45
1407,80,in,94,16.98,73.3,ratnagiri,300.629,6.25
1408,0,pk,78,24.35,68.27,jati,286.754,3.85
1409,0,pk,72,26.04,68.14,sann,289.15,1.85
1410,0,pk,58,30.1,67.94,harnai,276.629,1.05
1411,80,uz,94,39.96,68.4,zomin,275.354,1.9
1412,0,kz,73,43.52,68.51,kentau,259.304,0.8
1413,80,kz,86,51.8,68.33,atbasar,270.054,3.65
1414,68,kz,91,53.88,67.42,sergeyevka,270.504,4.3
1415,80,ru,90,55.95,67.67,armizonskoye,269.679,4.15
1416,80,ru,88,58.2,68.27,tobolsk,268.304,2.35
1417,80,ru,86,59.65,67.41,kondinskoye,268.154,2.05
1418,24,ru,100,73.51,80.55,dikson,253.354,4.95
1419,0,pk,84,28.17,69.73,ubauro,285.354,0.8
1420,0,pk,84,32.22,70.38,tank,278.404,1.45
1421,56,kz,89,48.68,71.64,atasu,269.304,7.25
1422,75,kz,100,51.18,71.45,astana,267.15,3.0
1423,76,kz,90,52.63,70.42,makinsk,268.779,4.85
1424,68,ru,84,56.11,69.49,ishim,267.679,3.95
1425,76,ru,91,60.05,69.9,gornopravdinsk,267.304,3.2
1426,80,ru,81,65.53,72.52,nadym,261.129,2.1
1427,76,ru,96,66.83,70.83,yar-sale,263.379,3.6
1428,100,in,94,15.02,74.02,kankon,302.129,3.45
1429,68,in,75,18.03,73.02,srivardhan,296.304,2.95
1430,88,in,53,23.83,72.12,patan,292.879,4.15
1431,0,in,65,25.83,72.23,balotra,289.479,5.0
1432,0,in,88,27.13,72.37,phalodi,284.129,1.95
1433,0,pk,86,29.8,72.18,mailsi,285.479,1.2
1434,0,pk,90,32.25,72.11,mitha tiwana,282.154,1.3
1435,20,pk,76,34.01,72.0,nowshera,284.15,1.25
1436,88,kg,87,42.52,72.24,talas,267.754,0.85
1437,76,ru,90,54.37,71.76,poltavka,268.604,3.65
1438,68,ru,89,55.87,72.2,tyukalinsk,266.979,4.05
1439,68,ru,88,57.51,72.4,tevriz,266.554,2.4
1440,76,ru,82,60.06,71.48,salym,268.004,2.4
1441,92,ru,84,63.79,74.52,muravlenko,260.554,1.85
1442,64,au,100,-33.65,115.33,busselton,289.004,3.7
1443,8,in,100,12.31,75.11,kannangad,297.529,1.65
1444,64,in,73,15.9,73.82,savantvadi,295.104,1.15
1445,12,in,76,20.1,73.93,ojhar,288.529,1.5
1446,0,in,77,24.13,74.05,salumbar,291.604,3.5
1447,0,in,89,21.23,81.63,raipur,292.979,1.15
1448,0,in,85,28.28,74.32,bhadasar,284.554,1.75
1449,0,pk,76,31.97,74.22,kamoke,285.15,1.25
1450,0,in,82,34.08,74.03,uri,271.479,1.0
1451,36,kg,81,41.87,72.94,toktogul,260.554,0.25
1452,90,kz,75,43.65,51.2,aktau,279.15,8.0
1453,68,ru,91,53.78,73.88,russkaya polyana,268.979,4.45
1454,75,ru,100,61.25,73.42,surgut,265.15,4.0
1455,64,ru,82,65.85,74.49,pangody,255.954,3.1
1456,40,in,88,8.13,77.3,manavalakurichi,300.15,1.0
1457,32,in,84,16.07,76.05,hungund,296.004,4.0
1458,64,in,49,18.0,76.08,tuljapur,295.904,3.55
1459,0,in,64,20.02,76.03,deulgaon raja,291.929,4.1
1460,0,in,91,21.87,75.95,bhikangaon,289.504,3.0
1461,0,in,95,23.95,76.08,susner,285.916,2.21
1462,0,in,92,28.04,76.11,narnaul,284.091,3.11
1463,56,in,84,34.57,76.1,kargil,257.266,0.56
1464,0,cn,50,39.45,75.98,kashi,274.15,4.0
1465,76,kz,90,53.07,76.1,kachiry,270.241,4.66
1466,68,ru,90,55.57,75.7,ust-tarka,267.366,4.46
1467,75,ru,100,61.03,76.11,megion,266.15,3.0
1468,76,ru,85,64.43,76.5,gubkinskiy,256.966,2.71
1469,32,ru,73,66.08,76.63,novyy urengoy,251.866,1.76
1470,80,ru,75,67.47,78.7,tazovskiy,255.516,3.31
1471,0,lk,100,6.04,80.22,galle,297.279,1.65
1472,76,lk,100,6.77,79.88,moratuwa,300.091,1.91
1473,64,in,95,8.43,78.02,udankudi,297.691,1.86
1474,92,in,98,12.13,77.9,pennagaram,294.841,1.01
1475,68,in,95,14.12,78.17,kadiri,294.416,1.31
1476,80,in,72,18.03,78.27,medak,297.091,3.21
1477,20,in,96,21.93,78.12,amla,290.991,2.06
1478,80,in,69,24.06,78.09,bamora,292.016,3.56
1479,20,in,82,26.06,78.21,antri,291.15,1.31
1480,56,in,85,29.97,78.17,haridwar,286.016,1.21
1481,68,in,73,31.52,77.8,sarahan,253.741,0.56
1482,92,kz,96,44.36,77.98,saryozek,270.116,3.56
1483,88,kz,77,47.97,80.44,ayagoz,272.716,8.56
1484,48,kz,78,50.41,80.23,semey,270.854,4.7
1485,76,ru,90,53.74,78.04,karasuk,268.591,4.91
1486,88,ru,93,56.35,78.36,severnoye,270.566,3.76
1487,76,ru,81,65.97,78.37,urengoy,252.841,3.66
1488,12,lk,100,5.95,80.54,matara,297.091,1.61
1489,8,lk,95,8.36,80.42,anuradhapura,294.616,1.26
1490,48,in,96,13.9,79.9,nayudupeta,296.591,1.31
1491,88,in,95,17.62,80.02,mahbubabad,295.741,1.31
1492,12,in,84,21.75,80.03,waraseoni,293.366,3.06
1493,76,in,87,24.27,80.17,pawai,292.416,2.21
1494,64,in,80,28.07,80.1,pawayan,290.666,3.81
1495,88,cn,80,41.12,80.26,aksu,270.116,0.51
1496,0,kz,42,44.16,80.0,zharkent,253.416,0.91
1497,76,kz,94,45.41,79.92,sarkand,271.441,6.11
1498,92,ru,94,51.82,79.72,mikhaylovskoye,272.566,1.61
1499,92,ru,98,53.83,80.34,pankrushikha,271.991,4.11
1500,76,ru,95,55.31,79.68,ubinskoye,270.366,5.21
1501,64,ru,83,59.06,80.86,kargasok,267.266,2.71
1502,20,in,94,12.63,80.17,mamallapuram,300.15,1.66
1503,76,in,99,18.12,82.08,chitrakonda,292.516,1.16
1504,0,in,96,22.08,82.15,bilaspur,291.716,1.16
1505,0,in,88,27.72,81.93,bhinga,286.916,1.76
1506,20,np,100,29.27,82.18,jumla,267.116,0.71
1507,36,in,93,30.57,79.57,joshimath,262.841,0.41
1508,68,cn,84,29.04,114.56,yining,277.341,1.51
1509,80,ru,96,53.78,82.31,suzun,272.166,3.01
1510,75,ru,97,55.31,82.74,kolyvan,273.15,4.0
1511,75,ru,94,51.73,39.15,podgornoye,273.15,4.0
1512,88,in,93,16.58,82.02,amalapuram,298.241,1.76
1513,0,in,94,22.12,84.03,sundargarh,291.616,1.21
1514,44,in,85,24.03,84.07,daltenganj,291.091,1.41
1515,0,in,69,26.05,84.05,sikandarpur,291.866,2.16
1516,0,np,80,27.98,83.77,waling,277.441,0.76
1517,36,kz,82,48.57,83.65,kurchum,273.241,7.06
1518,32,kz,64,49.74,84.27,zyryanovsk,259.491,0.96
1519,80,ru,79,52.07,84.11,petropavlovskoye,272.241,4.36
1520,32,ru,85,53.6,91.39,belyy yar,262.15,2.0
1521,0,au,93,-28.77,114.6,geraldton,288.15,2.1
1522,0,au,99,-24.87,113.63,carnarvon,293.666,5.21
1523,92,id,100,-3.8,102.27,bengkulu,296.666,1.61
1524,56,in,97,18.42,84.05,narasannapeta,294.491,1.31
1525,90,in,100,20.07,86.02,nimaparha,297.15,2.6
1526,0,cn,79,41.76,86.15,korla,263.441,1.51
1527,76,cn,96,44.3,86.03,shihezi,270.691,4.61
1528,24,cn,87,45.63,85.18,baijiantan,269.766,0.86
1529,0,kz,54,47.47,84.87,zaysan,254.066,1.06
1530,44,ru,75,50.27,85.61,ust-koksa,254.766,0.96
1531,80,ru,82,54.28,85.93,guryevsk,271.966,4.11
1532,80,ru,92,56.08,86.03,anzhero-sudzhensk,271.866,4.01
1533,76,ru,68,65.82,87.98,turukhansk,254.616,5.66
1534,36,ru,74,67.47,86.58,igarka,253.866,4.41
1535,8,ru,67,69.41,86.18,dudinka,247.166,2.76
1536,80,au,92,-35.02,117.89,albany,290.166,0.16
1537,64,id,100,-0.95,100.35,padang,298.591,2.71
1538,80,id,100,4.14,96.13,meulaboh,298.241,1.36
1539,0,in,100,11.67,92.75,port blair,301.816,1.01
1540,100,in,98,22.06,88.11,haldia,295.441,1.31
1541,0,in,96,26.12,87.93,kishanganj,291.491,2.21
1542,0,in,58,27.52,88.53,mangan,264.691,0.31
1543,8,cn,57,47.87,88.12,altay,249.841,1.16
1544,20,ru,69,50.3,87.73,aktash,251.916,0.96
1545,8,ru,56,52.77,87.89,tashtagol,256.416,1.06
1546,20,ru,59,53.69,88.06,mezhdurechensk,255.916,1.21
1547,88,ru,90,56.22,88.12,suslovo,272.216,3.91
1548,0,ru,73,69.49,88.4,talnakh,241.666,1.36
1549,8,id,99,5.56,95.32,banda aceh,295.966,1.16
1550,0,bd,88,24.1,90.1,mirzapur,297.15,1.21
1551,12,ru,44,50.35,90.5,mugur-aksy,244.241,0.91
1552,8,ru,53,52.66,90.09,abaza,252.166,1.06
1553,20,ru,69,54.0,90.25,sorsk,256.991,1.66
1554,80,ru,75,56.01,90.39,nazarovo,269.416,4.31
1555,88,ru,75,60.38,92.63,teya,264.341,2.26
1556,75,ru,93,54.94,20.15,svetlogorsk,276.15,6.0
1557,24,id,100,-6.88,112.21,labuhan,300.316,3.01
1558,88,id,100,1.74,98.78,sibolga,293.341,0.31
1559,0,bd,96,22.2,92.23,bandarban,294.166,0.76
1560,0,in,62,27.58,91.87,tawang,274.466,0.61
1561,0,cn,63,42.8,93.45,hami,266.416,3.56
1562,8,mn,58,49.98,92.07,ulaangom,246.266,0.81
1563,40,ru,50,55.96,92.36,divnogorsk,272.15,4.0
1564,76,ru,83,57.63,92.27,pirovskoye,268.866,3.26
1565,0,mm,96,18.28,95.32,myanaung,296.966,2.86
1566,0,mm,95,20.18,94.88,minbu,295.116,1.86
1567,0,in,90,24.33,93.67,churachandpur,288.941,0.71
1568,12,in,88,26.02,93.78,bokajan,290.441,0.26
1569,0,in,80,28.17,94.77,along,287.216,0.91
1570,0,cn,80,40.28,97.2,yumen,265.466,3.11
1571,0,ru,51,50.26,95.16,erzin,248.191,0.86
1572,56,ru,68,52.15,93.92,turan,248.616,0.86
1573,76,ru,74,61.67,96.37,baykit,251.016,1.61
1574,20,ru,55,71.97,102.5,khatanga,249.441,5.91
1575,0,th,100,9.97,98.63,ranong,300.716,2.06
1576,88,mm,93,14.08,98.2,dawei,298.241,0.96
1577,8,mm,98,16.28,95.68,pyapon,298.716,3.11
1578,0,mm,90,19.73,96.22,pyinmana,295.766,1.46
1579,0,mm,91,21.97,96.08,mandalay,294.016,0.86
1580,0,in,91,27.02,95.57,khonsa,286.416,0.86
1581,0,in,72,27.92,96.17,tezu,285.691,0.71
1582,24,ru,55,52.47,96.11,toora-khem,250.741,0.76
1583,32,ru,72,56.24,96.06,ilanskiy,264.216,3.46
1584,92,ru,94,58.18,94.76,motygino,268.316,2.51
1585,64,ru,91,64.28,100.25,tura,243.341,1.21
1586,40,th,88,7.92,98.33,kathu,298.15,1.76
1587,8,mm,93,16.26,97.72,mudon,298.716,0.86
1588,20,th,83,18.53,98.94,pa sang,298.15,0.41
1589,0,mm,94,25.38,97.4,myitkyina,290.941,0.81
1590,88,cn,94,36.62,101.77,xining,265.916,1.26
1591,44,mn,64,47.38,110.32,moron,254.016,2.06
1592,0,ru,41,50.6,97.52,kungurtug,245.566,1.06
1593,24,ru,77,54.91,99.03,nizhneudinsk,263.091,2.31
1594,92,ru,87,58.38,97.45,boguchany,264.191,1.56
1595,48,id,93,2.1,99.83,rantauprapat,294.841,1.16
1596,75,my,100,4.23,100.63,lumut,299.15,1.06
1597,75,my,94,6.1,100.3,kuala kedah,298.15,1.0
1598,8,th,95,12.08,99.85,kui buri,296.366,1.16
1599,20,th,88,14.02,100.17,bang len,301.15,2.96
1600,92,th,100,16.06,99.86,khanu woralaksaburi,295.241,3.66
1601,56,th,100,17.98,100.05,den chai,296.15,1.11
1602,56,cn,90,22.79,100.97,simao,288.741,0.96
1603,0,cn,100,25.7,100.18,dali,278.066,0.86
1604,0,cn,87,26.59,101.71,panzhihua,277.866,0.16
1605,44,cn,79,38.93,100.45,zhangye,267.191,1.41
1606,24,mn,68,48.01,91.64,hovd,254.766,0.41
1607,20,ru,41,52.52,99.83,orlik,250.091,1.11
1608,36,ru,67,54.56,100.58,tulun,259.191,1.16
1609,44,ru,82,56.08,99.63,chunskiy,264.066,1.91
1610,80,ru,85,58.69,99.18,kodinsk,260.216,1.16
1611,48,id,87,-5.36,104.97,pringsewu,297.716,1.31
1612,76,id,97,-2.08,101.38,sungaipenuh,292.316,0.56
1613,75,my,94,2.27,102.14,sungai udang,298.15,1.0
1614,48,my,100,4.18,102.05,kuala lipis,293.766,1.51
1615,88,th,100,12.48,102.07,laem sing,298.191,2.26
1616,80,th,97,15.81,102.03,chaiyaphum,296.004,3.6
1617,76,th,80,17.77,102.19,nam som,295.816,1.91
1618,68,cn,61,35.91,116.31,zhoucheng,270.766,2.41
1619,76,cn,98,27.9,102.26,xichang,280.966,0.26
1620,40,cn,93,30.42,103.46,linqiong,284.15,2.0
1621,76,cn,90,35.6,103.21,linxia,267.591,0.71
1622,48,cn,78,38.5,102.17,jinchang,265.091,2.96
1623,0,mn,43,48.81,103.53,bulgan,250.491,1.16
1624,0,ru,38,50.37,103.29,zakamensk,247.216,0.71
1625,32,ru,64,53.92,102.04,zima,261.191,1.16
1626,90,ru,92,56.13,101.61,bratsk,266.15,1.0
1627,68,ru,76,58.0,102.66,ust-ilimsk,257.991,1.36
1628,68,ru,73,60.34,102.28,vanavara,248.966,1.31
1629,68,id,96,-1.6,103.62,jambi,297.016,2.31
1630,8,id,100,0.9,104.63,kijang,300.216,1.86
1631,75,my,94,1.74,103.9,kota tinggi,300.15,1.76
1632,32,vn,97,9.18,105.15,ca mau,299.916,3.61
1633,92,kh,100,10.62,104.18,kampot,295.491,1.96
1634,56,la,97,20.42,104.04,xam nua,287.816,1.06
1635,88,vn,100,22.48,103.95,lao cai,288.341,0.86
1636,56,cn,92,30.63,117.85,rongcheng,277.016,3.11
1637,92,cn,100,29.56,103.76,leshan,282.741,2.26
1638,92,cn,96,31.77,104.72,jiangyou,280.966,2.11
1639,0,cn,79,36.06,103.79,lanzhou,266.15,1.0
1640,76,ru,84,56.49,103.96,shestakovo,259.991,1.06
1641,68,ru,100,57.26,103.75,rudnogorsk,260.116,1.91
1642,64,id,95,-7.38,108.21,kawalu,293.316,0.86
1643,75,id,94,-8.19,114.97,banjar,298.15,0.5
1644,68,la,88,14.88,105.87,champasak,296.416,1.96
1645,92,vn,100,18.33,105.9,ha tinh,295.166,11.96
1646,92,cn,90,34.57,105.89,beidao,272.016,1.46
1647,92,cn,86,35.54,106.69,pingliang,270.766,1.06
1648,80,cn,52,38.47,106.27,yinchuan,267.816,1.36
1649,0,mn,43,45.76,106.27,mandalgovi,250.341,2.46
1650,0,mn,83,47.91,106.88,ulaanbaatar,248.15,1.0
1651,20,mn,66,50.23,106.21,suhbaatar,254.216,1.26
1652,75,ru,92,56.79,60.78,istok,272.15,4.0
1653,32,ru,73,53.96,105.88,kachug,259.091,1.16
1654,0,ru,63,61.28,108.01,yerbogachen,236.066,0.71
1655,100,id,100,-7.95,110.28,bambanglipuro,295.966,1.51
1656,32,id,98,-2.88,108.27,manggar,300.066,1.86
1657,20,id,98,0.7,108.9,sungairaya,298.316,1.66
1658,75,vn,94,10.35,107.08,vung tau,298.15,2.1
1659,100,vn,100,10.93,108.1,phan thiet,296.416,5.26
1660,92,vn,100,17.48,106.6,dong hoi,296.366,3.46
1661,92,cn,100,21.95,108.62,qinzhou,284.916,5.31
1662,92,cn,100,26.19,107.51,xiaoweizhai,275.441,1.41
1663,92,cn,100,29.7,107.39,fuling,281.916,1.31
1664,90,cn,60,34.06,108.63,yuxia,277.15,1.0
1665,48,mn,51,49.49,105.92,darhan,254.916,1.21
1666,90,ru,85,51.93,108.07,onokhoy,266.15,2.0
1667,68,ru,86,57.7,93.28,kazachinskoye,268.366,3.11
1668,80,ru,78,57.79,108.11,kirensk,252.816,1.11
1669,48,ru,60,66.0,111.5,aykhal,247.691,1.31
1670,0,au,34,-20.74,116.85,karratha,300.091,2.06
1671,20,id,97,-2.68,111.62,pangkalanbuun,298.166,1.91
1672,36,id,96,-0.03,109.33,pontianak,299.441,1.41
1673,75,my,94,1.55,110.33,kuching,297.15,1.96
1674,75,my,94,2.3,111.82,sibu,297.15,3.1
1675,92,vn,100,12.25,109.18,nha trang,296.491,6.86
1676,92,vn,100,15.12,108.8,quang ngai,293.916,1.31
1677,92,cn,100,18.8,110.4,wanning,298.716,9.01
1678,92,cn,97,22.2,109.94,yashan,285.966,4.81
1679,100,cn,99,24.41,109.61,luorong,281.516,4.26
1680,90,cn,87,25.28,110.29,guilin,282.15,3.0
1681,92,cn,79,28.32,109.72,jishou,276.616,3.11
1682,88,cn,93,30.3,109.48,enshi,276.766,1.31
1683,92,cn,74,32.65,110.78,shiyan,274.091,1.16
1684,76,cn,64,39.82,109.98,dongsheng,259.916,1.31
1685,24,cn,55,40.81,111.65,hohhot,260.15,2.0
1686,68,ru,79,54.3,110.3,kurumkan,251.416,0.96
1687,56,ru,84,71.92,114.08,saskylakh,257.091,3.51
1688,88,id,100,-8.13,112.22,kanigoro,298.266,1.21
1689,12,id,89,-8.07,111.9,tulungagung,297.491,2.06
1690,90,my,100,3.17,113.03,bintulu,297.15,2.6
1691,75,my,100,4.41,114.01,miri,296.15,3.1
1692,75,cn,83,20.01,110.35,qiongshan,297.15,6.0
1693,88,cn,80,22.03,111.93,tangping,289.416,4.21
1694,92,cn,100,23.91,112.19,huaicheng,283.716,1.66
1695,92,cn,100,27.73,111.99,loudi,277.241,3.61
1696,92,cn,75,30.13,111.78,nanhai,277.341,2.56
1697,92,cn,74,34.74,111.88,yima,272.991,1.61
1698,92,cn,66,36.09,111.52,linfen,271.266,0.81
1699,24,cn,73,37.87,112.56,taiyuan,267.15,1.0
1700,24,mn,65,46.68,113.28,baruun-urt,257.491,4.56
1701,76,ru,54,49.58,111.98,kyra,265.516,3.86
1702,80,ru,74,51.74,111.96,mogzon,263.516,4.81
1703,0,ru,57,52.52,111.54,sosnovo-ozerskoye,255.491,3.46
1704,20,ru,92,59.45,112.56,vitim,243.316,1.01
1705,32,ru,83,63.01,112.47,chernyshevskiy,244.491,1.76
1706,48,ru,64,66.42,112.4,udachnyy,250.366,1.46
1707,75,id,94,-8.65,115.22,denpasar,298.15,0.5
1708,20,id,94,-7.91,113.82,bondowoso,297.866,1.51
1709,90,id,100,-3.32,114.59,banjarmasin,298.15,2.6
1710,75,my,100,5.97,116.07,kota kinabalu,297.15,2.1
1711,76,cn,70,30.95,113.55,yingcheng,279.15,2.0
1712,92,cn,97,25.12,114.3,xiongzhou,280.591,3.76
1713,100,cn,100,27.62,113.85,pingxiang,278.491,1.76
1714,80,cn,100,29.72,113.88,puqi,280.491,4.36
1715,92,cn,55,32.12,114.07,xinyang,275.916,1.86
1716,92,cn,35,34.02,113.82,xuchang,277.15,2.0
1717,76,cn,57,35.9,114.19,hebi,270.566,1.01
1718,8,cn,67,37.88,114.65,luancheng,268.15,2.0
1719,12,cn,63,40.09,113.29,datong,255.991,1.21
1720,76,ru,70,50.28,113.29,aksha,263.491,3.26
1721,44,ru,59,54.43,113.6,bagdarin,242.516,1.11
1722,48,ru,70,56.15,113.43,severomuysk,244.716,0.76
1723,56,ru,76,57.82,114.0,mamakan,244.866,0.96
1724,56,ru,97,60.73,114.93,lensk,248.316,1.66
1725,64,au,85,-33.37,116.15,collie,289.491,1.21
1726,20,au,93,-31.93,115.83,perth,288.15,2.1
1727,75,au,93,-31.67,116.67,northam,285.15,1.5
1728,40,id,100,-8.71,116.27,praya,296.15,2.71
1729,36,id,83,-0.58,117.09,loa janan,301.091,0.91
1730,32,id,100,3.3,117.63,tarakan,298.666,1.31
1731,32,ph,100,7.99,117.06,balabac,301.166,3.56
1732,12,ph,99,8.78,117.42,panalingaan,299.691,1.86
1733,8,ph,100,13.89,120.05,cabra,301.491,7.31
1734,20,ph,100,16.13,119.78,aloleng,300.416,2.21
1735,12,cn,100,22.81,115.83,jieshi,293.116,9.96
1736,56,cn,92,30.63,117.85,rongcheng,277.016,3.11
1737,68,cn,98,30.19,116.03,huangmei,279.466,5.61
1738,0,cn,72,39.94,116.09,mentougou,265.15,3.0
1739,0,cn,67,40.81,114.88,zhangjiakou,259.691,1.16
1740,0,cn,68,42.12,118.78,mujiayingzi,258.616,1.61
1741,56,ru,56,49.63,117.32,zabaykalsk,248.241,1.31
1742,20,ru,62,50.57,116.25,sherlovaya gora,247.016,1.41
1743,8,ru,32,52.98,116.92,bukachacha,242.341,1.11
1744,44,ru,91,45.44,40.58,kropotkin,275.216,1.31
1745,56,ru,76,62.14,117.63,suntar,248.841,2.41
1746,32,ru,94,48.04,40.05,almaznyy,275.429,4.0
1747,56,ru,65,63.28,118.33,nyurba,250.516,2.31
1748,8,au,88,-20.32,118.57,port hedland,296.15,2.1
1749,24,id,97,-9.66,120.26,waingapu,299.466,1.86
1750,20,id,88,-5.32,119.37,galesong,298.15,1.5
1751,8,id,97,-3.54,118.97,majene,301.816,1.76
1752,12,id,90,0.13,117.5,bontang,302.216,0.71
1753,75,my,94,5.84,118.12,sandakan,298.15,2.26
1754,20,ph,100,12.48,123.38,puro,300.741,5.11
1755,40,ph,100,18.47,120.58,davila,297.15,1.0
1756,40,cn,67,24.45,117.81,shima,289.15,7.0
1757,92,cn,100,26.25,117.62,sanming,283.516,1.21
1758,76,cn,84,28.45,117.97,shangrao,279.191,1.66
1759,88,cn,91,33.9,117.93,suicheng,271.766,1.36
1760,64,cn,55,36.18,118.16,nanma,267.616,1.16
1761,0,cn,66,39.83,118.12,fengrun,264.941,1.51
1762,0,cn,38,49.2,119.7,hailar,240.741,1.66
1763,0,ru,29,50.1,118.04,krasnokamensk,243.266,1.31
1764,44,ru,73,56.91,118.26,chara,244.491,0.71
1765,0,au,43,-42.78,147.06,new norfolk,295.15,5.1
1766,8,au,98,-33.87,121.9,esperance,292.116,1.91
1767,75,au,78,-17.97,122.23,broome,300.15,2.6
1768,24,id,100,-1.4,120.75,poso,300.316,0.51
1769,56,id,85,-0.89,119.87,palu,301.316,0.96
1770,24,ph,100,6.23,120.56,pandan niog,301.816,1.16
1771,68,ph,100,10.52,119.93,osmena,301.516,3.21
1772,88,ph,91,7.98,126.13,salvacion,298.466,1.41
1773,56,cn,92,30.63,117.85,rongcheng,277.016,3.11
1774,64,cn,88,28.46,119.91,lishui,277.616,1.16
1775,92,cn,46,32.9,115.82,fuyang,275.516,2.96
1776,88,cn,64,32.17,120.01,taixing,276.591,3.86
1777,76,cn,78,34.0,119.83,dongkan,275.166,2.41
1778,0,cn,73,35.88,119.98,jiaonan,268.15,1.0
1779,64,cn,100,37.65,120.33,longkou,279.666,6.81
1780,0,cn,67,41.57,120.46,chaoyang,261.066,1.31
1781,8,ru,33,53.73,119.77,mogocha,241.916,1.11
1782,56,ru,75,63.45,120.32,verkhnevilyuysk,251.441,2.51
1783,36,ru,76,66.77,123.37,zhigansk,245.766,2.66
1784,75,id,100,-10.17,123.58,kupang,298.15,1.0
1785,68,id,100,-8.62,122.21,maumere,300.816,1.66
1786,44,id,96,-3.94,122.5,kendari,300.466,1.66
1787,8,id,93,-0.95,122.79,luwuk,301.466,1.06
1788,24,id,88,0.54,123.06,gorontalo,299.166,0.96
1789,12,ph,100,5.5,120.88,latung,301.991,0.91
1790,8,ph,79,7.71,122.14,siocon,301.091,1.61
1791,40,ph,100,14.2,121.43,magdalena,300.15,0.5
1792,64,ph,100,14.1,122.02,alabat,298.241,2.11
1793,68,ph,100,20.45,121.97,basco,298.941,15.16
1794,75,tw,72,22.76,121.14,taitung,293.15,6.2
1795,75,tw,93,25.13,121.74,keelung,289.15,6.2
1796,44,cn,100,28.37,121.36,wenling,283.516,6.91
1797,90,cn,66,26.28,119.79,dinghai,286.15,7.0
1798,48,cn,100,31.81,121.66,huilong,281.816,5.71
1799,92,cn,54,33.06,113.8,wencheng,276.191,1.51
1800,0,cn,53,40.18,122.12,xiongyue,262.866,2.26
1801,0,cn,54,43.61,122.27,tongliao,257.516,3.21
1802,0,cn,51,48.0,122.72,zalantun,249.766,2.36
1803,0,cn,38,50.78,121.52,genhe,240.316,1.56
1804,24,ru,54,53.97,121.97,yerofey pavlovich,244.266,1.06
1805,76,ru,86,71.69,128.87,tiksi,259.191,1.61
1806,92,au,64,-25.24,130.99,yulara,297.15,4.1
1807,76,id,93,-9.86,124.28,soe,297.566,1.16
1808,20,id,94,1.49,124.85,manado,298.15,1.0
1809,24,ph,100,5.4,125.46,sarangani,301.741,3.86
1810,0,ph,100,6.21,124.19,palimbang,301.491,1.16
1811,80,ph,100,8.2,123.86,clarin,298.941,1.06
1812,20,ph,100,12.0,123.99,cataingan,300.691,5.46
1813,80,ph,100,13.98,124.13,caramoran,300.241,2.76
1814,56,ph,100,17.08,122.42,dicabisagan,298.916,1.61
1815,75,jp,82,24.34,124.16,ishigaki,292.15,9.8
1816,32,cn,100,29.96,122.3,shenjiamen,287.066,8.06
1817,0,cn,75,40.13,124.39,dandong,262.191,2.51
1818,0,cn,89,46.38,123.4,tailai,251.741,1.51
1819,0,cn,60,50.57,123.72,alihe,247.616,2.46
1820,0,cn,44,52.33,124.73,tahe,251.241,3.36
1821,36,ru,55,53.98,123.92,skovorodino,248.666,2.21
1822,32,ru,62,56.8,124.8,serebryanyy bor,246.916,2.41
1823,48,ru,74,58.84,125.49,nizhniy kuranakh,245.341,1.16
1824,48,ru,80,63.9,122.76,kysyl-syr,248.166,2.31
1825,75,au,83,-15.77,128.73,kununurra,298.15,8.7
1826,40,id,100,-3.7,128.18,ambon,297.15,3.1
1827,88,ph,91,7.99,126.03,santa josefa,298.466,1.41
1828,75,ph,88,14.85,120.43,san benito,298.15,3.1
1829,80,ph,100,14.05,124.17,pandan,300.241,2.76
1830,32,jp,100,32.69,128.84,fukue,285.591,12.31
1831,0,kr,57,37.57,126.98,seoul,269.15,0.5
1832,0,cn,70,41.78,126.03,erdaojiang,253.866,1.06
1833,0,cn,71,44.15,125.83,jiutai,258.15,2.0
1834,0,cn,83,46.08,125.98,zhaodong,253.15,2.0
1835,0,cn,33,49.18,125.22,nenjiang,242.741,3.21
1836,0,ru,55,52.78,126.53,ushumun,248.941,3.06
1837,48,ru,75,58.96,126.29,tommot,245.216,1.26
1838,44,ru,73,62.1,126.7,berdigestyakh,245.966,1.26
1839,0,au,79,-38.33,141.6,portland,292.916,1.06
1840,0,au,69,-37.83,140.77,mount gambier,298.216,2.21
1841,24,au,75,-34.73,135.87,port lincoln,294.591,6.36
1842,56,au,72,-34.58,150.86,flinders,291.15,3.1
1843,48,id,100,0.8,127.4,ternate,301.416,2.61
1844,64,ph,100,11.14,123.72,sulangan,301.366,5.71
1845,75,jp,59,26.12,127.67,itoman,292.15,8.7
1846,75,jp,55,28.37,129.48,naze,290.15,4.6
1847,8,cn,70,42.19,127.48,songjianghe,256.941,1.31
1848,20,cn,50,43.56,128.02,huangnihe,255.691,1.76
1849,36,cn,51,37.37,118.02,binzhou,269.316,1.21
1850,0,ru,62,50.1,128.05,tambovka,248.15,2.0
1851,44,ru,79,61.47,128.92,mokhsogollokh,245.166,1.31
1852,68,ru,56,67.8,130.41,batagay-alyta,251.316,1.31
1853,56,id,100,-5.67,132.75,tual,300.991,3.56
1854,80,id,100,-0.88,131.25,sorong,302.366,3.11
1855,20,jp,60,31.42,130.32,kaseda,278.15,5.1
1856,0,jp,100,32.19,130.02,ushibuka,282.266,7.81
1857,75,jp,68,34.38,131.2,nagato,282.15,3.6
1858,0,cn,90,46.32,129.57,yilan,251.516,4.41
1859,0,cn,62,48.23,129.5,xinqing,247.366,2.31
1860,56,ru,44,62.72,129.67,namtsy,239.816,1.51
1861,48,au,28,-23.7,133.88,alice springs,300.15,3.6
1862,0,au,74,-14.47,132.27,katherine,300.15,0.5
1863,90,pw,88,7.04,134.26,kloulklubed,300.15,2.1
1864,75,jp,70,35.18,132.5,oda,280.15,8.7
1865,20,ru,84,43.9,131.95,vozdvizhenka,254.15,1.0
1866,0,cn,59,46.33,132.21,baoqing,251.591,3.61
1867,0,ru,71,48.12,132.48,babstovo,252.166,3.46
1868,20,ru,66,50.08,132.17,tyrma,246.741,1.46
1869,32,ru,59,53.13,132.9,tokur,243.166,1.16
1870,24,ru,37,60.9,131.96,amga,241.591,1.01
1871,36,ru,40,62.0,132.43,churapcha,240.591,1.31
1872,32,ru,40,62.67,131.17,borogontsy,240.766,1.51
1873,64,ru,72,67.54,133.38,verkhoyansk,245.866,1.56
1874,24,au,78,-12.07,134.27,maningrida,303.741,3.21
1875,24,id,85,-3.37,135.48,nabire,298.316,0.96
1876,12,id,99,-0.87,134.08,manokwari,302.016,2.71
1877,40,jp,75,33.28,134.15,muroto,279.15,1.5
1878,40,jp,93,34.07,134.15,waki,278.15,3.6
1879,12,ru,100,42.73,133.08,vrangel,265.316,9.86
1880,44,ru,63,44.17,133.86,chuguyevka,257.216,2.66
1881,20,ru,73,49.24,135.17,litovko,249.241,0.76
1882,0,ru,100,54.72,135.31,chumikan,251.666,5.46
1883,20,ru,53,60.42,134.53,ust-maya,237.741,1.16
1884,12,ru,65,62.67,135.6,khandyga,235.816,1.06
1885,64,ru,57,67.63,134.63,batagay,244.266,1.86
1886,64,ru,68,70.02,135.6,ust-kuyga,249.841,1.91
1887,0,au,68,-35.57,138.62,victor harbor,294.15,3.1
1888,0,au,60,-32.5,137.77,port augusta,295.15,2.6
1889,12,au,13,-20.73,139.5,mount isa,301.15,1.0
1890,12,au,93,-13.85,136.42,alyangula,303.441,1.31
1891,75,jp,93,35.95,136.19,sabae,276.15,2.6
1892,92,jp,100,37.4,136.9,wajima,280.991,6.06
1893,0,ru,47,43.74,135.29,olga,258.866,3.41
1894,0,ru,51,44.36,135.81,rudnaya pristan,257.741,4.46
1895,24,ru,61,46.49,135.88,vostok,250.716,1.41
1896,44,ru,60,48.1,136.1,mukhen,253.741,2.06
1897,36,ru,53,51.67,135.7,berezovyy,249.166,1.46
1898,8,ru,100,56.45,138.17,ayan,246.566,4.76
1899,0,au,60,-33.18,138.02,port pirie,295.15,2.6
1900,68,id,99,-8.47,140.33,merauke,301.016,2.66
1901,80,pg,92,-6.12,141.29,kiunga,299.116,1.31
1902,20,jp,55,36.3,139.8,oyama,277.15,1.0
1903,75,jp,100,38.08,138.43,ryotsu,277.15,11.3
1904,75,jp,92,41.82,140.65,kamiiso,272.15,6.7
1905,0,ru,100,45.05,136.61,terney,260.841,9.31
1906,0,ru,100,46.54,138.33,svetlaya,260.491,7.16
1907,44,ru,58,51.2,136.67,gorin,251.816,1.16
1908,68,ru,75,53.94,139.92,mnogovershinnyy,262.666,4.36
1909,44,ru,58,50.72,136.63,solnechnyy,251.816,1.16
1910,76,ru,64,69.3,139.9,deputatskiy,250.066,1.36
1911,8,au,92,-41.07,145.92,burnie,289.341,7.71
1912,0,au,53,-31.95,141.43,broken hill,298.841,5.36
1913,24,pg,100,-2.67,141.3,vanimo,302.241,4.56
1914,20,jp,55,36.02,139.98,mitsukaido,281.15,1.0
1915,88,jp,89,38.1,140.03,nagai,274.916,2.86
1916,75,jp,100,43.2,140.77,yoichi,272.15,4.1
1917,0,ru,100,48.97,140.29,sovetskaya gavan,260.516,6.91
1918,8,ru,71,50.12,139.15,vysokogornyy,248.691,1.36
1919,88,ru,95,56.55,37.88,bogorodskoye,272.991,3.51
1920,20,ru,46,64.57,143.2,ust-nera,238.166,0.91
1921,0,au,83,-38.38,142.48,warrnambool,294.116,2.61
1922,0,au,81,-37.74,142.02,hamilton,296.191,4.51
1923,0,au,68,-34.2,142.15,mildura,296.741,6.26
1924,20,au,74,-17.27,145.48,atherton,300.15,2.6
1925,80,pg,100,-9.08,143.21,daru,299.366,4.41
1926,48,pg,91,-4.24,142.84,ambunti,300.516,1.21
1927,40,jp,45,35.13,140.3,katsuura,281.15,9.3
1928,56,jp,100,42.33,142.37,shizunai,272.016,4.51
1929,80,ru,100,46.43,141.86,shebunino,270.866,4.51
1930,90,ru,80,55.62,38.12,ilinskiy,275.15,3.0
1931,64,ru,100,49.63,142.17,boshnyakovo,265.491,5.61
1932,44,ru,98,53.57,142.95,okha,266.816,13.21
1933,32,ru,100,59.38,143.3,okhotsk,251.841,5.11
1934,12,au,73,-38.15,144.36,geelong,295.15,4.1
1935,92,au,100,-26.58,148.78,roma,289.266,5.06
1936,68,au,86,-23.53,148.17,emerald,295.691,5.56
1937,12,au,73,-20.1,146.27,charters towers,299.191,4.36
1938,12,pg,90,-5.86,144.23,mount hagen,291.741,0.96
1939,64,pg,76,-3.55,143.63,wewak,302.441,1.16
1940,75,pg,94,-2.02,147.27,lorengau,299.15,2.26
1941,40,jp,63,42.98,144.37,kushiro,272.15,4.1
1942,88,ru,79,68.53,146.42,belaya gora,254.766,5.26
1943,88,ru,80,70.63,147.92,chokurdakh,263.066,4.91
1944,56,au,89,-41.15,146.17,ulverstone,290.216,2.31
1945,0,au,72,-36.03,146.38,corowa,293.15,3.1
1946,90,au,72,-32.25,148.62,dubbo,292.15,7.2
1947,44,au,69,-17.53,146.03,innisfail,298.841,1.36
1948,40,pg,88,-9.44,147.18,port moresby,299.15,2.1
1949,80,pg,95,-7.96,145.78,kerema,298.341,1.21
1950,76,ru,100,44.03,145.86,yuzhno-kurilsk,276.591,7.46
1951,24,ru,61,46.49,135.88,vostok,250.716,1.41
1952,12,au,73,-37.88,147.98,lakes entrance,293.941,1.41
1953,0,au,70,-35.3,148.22,tumut,291.841,2.21
1954,56,au,84,-30.32,149.78,narrabri,293.266,3.11
1955,24,au,62,-22.0,148.05,moranbah,299.266,4.31
1956,12,au,77,-19.58,147.4,ayr,300.341,4.61
1957,36,pg,88,-8.75,148.25,popondetta,297.766,0.41
1958,80,pg,92,-6.6,147.87,finschhafen,298.841,0.96
1959,92,ru,100,45.23,147.88,kurilsk,274.616,7.06
1960,40,ru,92,59.7,150.17,arman,258.15,2.36
1961,64,ru,70,61.15,149.63,ust-omchug,248.666,1.51
1962,20,ru,67,62.72,147.95,kholodnyy,234.466,1.06
1963,48,ru,64,65.75,150.85,zyryanka,253.341,1.76
1964,8,nz,93,-46.6,168.33,bluff,286.366,6.06
1965,32,au,85,-36.23,149.13,cooma,289.066,1.86
1966,64,au,77,-35.72,150.18,batemans bay,292.741,2.61
1967,40,au,60,-33.48,150.15,lithgow,295.15,3.1
1968,12,au,85,-29.47,149.85,moree,295.166,4.01
1969,80,au,69,-24.42,150.5,biloela,294.491,4.36
1970,88,pg,100,-10.62,150.67,samarai,298.241,3.81
1971,0,pg,75,-6.22,149.55,kandrian,303.566,1.41
1972,36,pg,98,-5.55,150.14,kimbe,302.241,1.61
1973,48,pg,100,-2.57,150.8,kavieng,302.166,1.51
1974,0,ru,49,62.55,149.67,yagodnoye,237.666,1.51
1975,90,au,88,-31.9,152.47,taree,291.15,2.6
1976,76,au,91,-30.52,151.65,armidale,289.366,2.96
1977,88,au,100,-28.23,152.02,warwick,288.866,6.36
1978,64,au,80,-26.53,151.83,kingaroy,294.166,3.56
1979,80,au,87,-23.85,151.25,gladstone,295.416,4.21
1980,24,pg,100,-4.35,152.26,kokopo,301.016,1.86
1981,76,ru,93,54.48,53.47,oktyabrskiy,272.741,3.76
1982,24,ru,99,62.27,151.7,orotukan,242.216,1.21
1983,20,ru,100,62.88,152.43,seymchan,243.516,0.66
1984,76,ru,70,67.45,153.68,srednekolymsk,254.416,3.81
1985,8,au,64,-32.72,152.15,nelson bay,294.15,6.2
1986,92,au,93,-26.53,153.1,coolum beach,294.241,2.41
1987,44,pg,80,-6.32,155.48,panguna,302.416,1.41
1988,20,pg,100,-3.67,152.43,namatanai,301.916,1.76
1989,92,ru,100,50.68,156.12,severo-kurilsk,276.066,14.66
1990,0,ru,31,61.38,152.75,talaya,242.591,1.21
1991,0,ru,31,62.55,155.55,dukat,242.441,1.16
1992,0,nz,84,-46.13,167.68,tuatapere,287.341,2.56
1993,88,au,100,-24.85,152.35,bundaberg,296.091,4.91
1994,0,sb,100,-8.1,156.84,gizo,302.666,2.31
1995,80,ru,80,57.8,158.67,tigil,269.516,5.01
1996,88,ru,79,68.75,161.3,cherskiy,259.016,4.31
1997,0,nz,73,-45.42,167.72,te anau,288.916,1.56
1998,80,nc,100,-20.23,164.02,poum,296.666,3.01
1999,76,sb,100,-10.45,161.92,kirakira,301.666,4.51
2000,75,sb,88,-9.43,159.95,honiara,300.15,1.5
2001,24,ki,100,3.07,172.79,butaritari,301.266,3.91
2002,75,ru,74,53.05,158.65,petropavlovsk-kamchatskiy,276.15,7.0
2003,88,ru,82,55.93,158.7,esso,266.441,4.31
2004,24,ru,96,59.12,159.97,palana,272.466,5.46
2005,0,ru,100,61.95,159.23,evensk,263.991,1.96
2006,92,ru,96,52.27,79.17,klyuchi,272.691,3.61
2007,0,nc,47,-22.28,166.46,noumea,298.15,3.1
2008,64,sb,100,-8.77,160.7,auki,300.841,2.51
2009,0,ru,94,59.24,163.07,ossora,271.416,4.46
2010,76,nz,83,-35.17,173.17,ahipara,289.866,8.41
2011,32,vu,100,-15.53,167.17,luganville,298.416,4.01
2012,88,ru,70,68.05,166.44,bilibino,258.616,3.56
2013,88,ru,92,69.7,170.31,pevek,268.066,2.76
2014,0,nz,67,-44.7,169.15,wanaka,290.941,1.21
2015,0,nz,66,-41.75,171.6,westport,292.516,1.11
2016,0,nc,47,-21.87,166.05,bouloupari,298.15,3.1
2017,92,vu,99,-13.88,167.55,sola,300.266,6.91
2018,44,ru,83,60.47,166.1,tilichiki,270.591,6.66
2019,88,vu,80,-16.1,167.42,lakatoro,301.266,2.81
2020,0,nz,87,-42.72,170.97,hokitika,289.516,2.31
2021,76,vu,100,-19.55,169.27,isangel,297.066,2.11
2022,0,nz,81,-45.87,170.5,dunedin,290.216,1.96
2023,0,nz,59,-43.75,172.02,rakaia,291.15,2.6
2024,0,nz,66,-40.85,172.8,takaka,290.666,2.86
2025,12,nz,73,-39.2,173.88,okato,291.516,8.26
2026,0,ru,100,43.98,46.7,komsomolskiy,281.854,3.0
2027,0,nz,81,-39.55,174.13,manaia,289.166,10.91
2028,8,ru,95,63.05,179.32,beringovskiy,271.966,9.31
2029,90,ru,92,64.75,177.48,anadyr,270.15,17.0
2030,20,nz,71,-41.41,175.52,waipawa,287.15,8.2
2031,88,nz,65,-40.03,176.35,takapau,286.916,5.81
2032,56,nz,59,-38.1,176.08,mamaku,289.741,5.66
2033,100,nz,100,-36.83,175.7,whitianga,288.916,11.56
2034,92,nz,100,-35.62,174.5,ngunguru,288.966,12.36
2035,92,ru,99,69.38,178.42,leningradskiy,269.591,12.61
